Sl.No.,Slide_No,State,District,Slide_Name,NH_SH_Location,Latitude,Longitude,Material Involved,Movement Type,History
858,AR/LON/83N06/2022/003,Arunachal Pradesh,Longding,800 m S of Bonia,Longding-Konsa road,26.736494,95.261822,Debris,Slide,NA
859,AR/LON/83N05/2022/002,Arunachal Pradesh,Longding,500 m E of Niausa village,Longding - Konsa road,26.799929,95.309533,Debris,Slide,NA
860,AR/LON/83N05/2022/001,Arunachal Pradesh,Longding,2.5 km SE of Longding,Longding-Khonsa road,26.849624,95.320878,Debris,Slide,NA
861,AR/LON/83N05/2022/005,Arunachal Pradesh,Longding,4 km E of Longding,Longding-Khonsa road,26.87859,95.35234,Debris,Slide,NA
862,AR/LON/83N05/2022/004,Arunachal Pradesh,Longding,1.3 km E of Longding,Longding-Khonsa road,26.881881,95.333027,Debris,Slide,NA
863,AR/TIR/83N09/2022/019,Arunachal Pradesh,Tirap,1.7 km SW of Lazu,Khonsa-Lazu road,26.885896,95.562013,Debris,Slide,NA
864,AR/TIR/83N09/2022/018,Arunachal Pradesh,Tirap,3.5 km N of Sinnu,Khonsa-Lazu road,26.897502,95.542612,Rock,Fall,NA
865,AR/TIR/83N09/2022/017,Arunachal Pradesh,Tirap,3.7 km SE of Sanliam,Khonsa-Lazu road,26.904294,95.549313,Debris,Slide,NA
866,AR/LON/83N05/2022/006,Arunachal Pradesh,Longding,2 km W of Tissa,Longding-Khonsa road,26.904445,95.360399,Debris,Slide,NA
867,AR/TIR/83N09/2022/016,Arunachal Pradesh,Tirap,1.5 km SE of Sanliam,Khonsa-Lazu road,26.919823,95.545421,Debris,Slide,NA
868,AR/LON/83N05/2022/007,Arunachal Pradesh,Longding,2 km NE of Tissa,Longding-Khonsa road,26.925697,95.371448,Debris,Slide,NA
869,AR/TIR/83N05/2022/009,Arunachal Pradesh,Tirap,4 km SW of Pangchau,Longding-Khonsa road,26.93529,95.37696,Debris,Slide,NA
870,AR/TIR/83N05/2022/008,Arunachal Pradesh,Tirap,5 km SW of Pangchau,Longding-Khonsa road,26.936043,95.370996,Debris,Slide,NA
871,AR/TIR/83N09/2022/015,Arunachal Pradesh,Tirap,700m SE of Thinsa,Khonsa-Lazu road,26.939232,95.520994,Debris,Slide,NA
872,AR/TIR/83N05/2022/010,Arunachal Pradesh,Tirap,1.5 SW of Pangchau,Longding-Khonsa road,26.943433,95.385986,Debris,Slide,NA
873,AR/TIR/83N09/2022/014,Arunachal Pradesh,Tirap,1.7 SE of Keti,Khonsa-Lazu road,26.952173,95.519402,Debris,Slide,NA
874,AR/TIR/83N05/2022/011,Arunachal Pradesh,Tirap,300 m SE of Longo,Longding-Khonsa road,26.976731,95.423103,Debris,Slide,NA
875,AR/TIR/83N09/2022/020,Arunachal Pradesh,Tirap,500 m SE of Khonsa,"Khonsa-Changlang road, NH215",26.984318,95.510469,Soil,Slide,NA
876,AR/TIR/83N05/2022/013,Arunachal Pradesh,Tirap,500 m E of Lapnan,Longding-Khonsa road,26.994618,95.486818,Debris,Slide,NA
877,AR/TIR/83N05/2022/012,Arunachal Pradesh,Tirap,1 Km W of Lapnan,Longding-Khonsa road,26.994942,95.474591,Debris,Slide,NA
878,ARN/WK/83A12/2016/01,Arunachal Pradesh,West Kameng,Bhalukpong Circuit House slide,NE of Bhalukpong Helipad,27.018342,92.6356,Debris,Slide,1 July 2016 at 12:20 hrs.
879,AR/WKG/83A12/2021/051,Arunachal Pradesh,West Kameng,Bhalukpong Cicuit House Slide,Bhalukpong Circuit House,27.018583,92.635667,Soil,Slide,NA
880,AR/TIR/83M12/2022/021,Arunachal Pradesh,Tirap,3 km E of Khela,"Khonsa-Changlang road, NH215",27.019379,95.555899,Debris,Slide,NA
881,AR/PP/83E/12/2021/01,Arunachal Pradesh,Papum Pare,N/A,N/A,27.03106,93.62292,Debris/unconsolidated material,Debris slide and subsidence,2020
882,AR/TIR/83M12/2022/022,Arunachal Pradesh,Tirap,Lamsa slide,"Khonsa-Changlang road, NH215",27.032124,95.562208,Soil,Slide,NA
883,AR/TIR/83M12/2022/024,Arunachal Pradesh,Tirap,1.5 km NE of Lamsa,"Khonsa-Changlang road, NH215",27.035069,95.56864,Debris,Slide,NA
884,AP/WK/83E12/2008/A-9,Arunachal Pradesh,West Kameng,Slide at Tippi,,27.035278,92.610556,Rock cum Debris,Slide,2008
885,AR/WKG/83A12/2021/050,Arunachal Pradesh,West Kameng,Tippi Slide,NH 13/ Tippi,27.036111,92.603333,Debris,Flow,NA
886,AR/TIR/83M12/2022/023,Arunachal Pradesh,Tirap,500 m NE of Lamsa,"Khonsa-Changlang road, NH215",27.036339,95.564677,Debris,Slide,NA
887,AR/CHNG/83M12/2022/053,Arunachal Pradesh,Changlang,500 m N of Longkey,Changlang-Khimioyng road,27.039914,95.73282,Debris,Slide,NA
888,AR/CHNG/83M12/2022/052,Arunachal Pradesh,Changlang,1.5 km N of Longkey,Changlang-Khimioyng road,27.043883,95.72822,Debris,Slide,NA
889,AR/TIR/83M12/2022/025,Arunachal Pradesh,Tirap,4.7 km S of Natun Kheti,"Khonsa-Changlang road, NH215",27.046252,95.592084,Debris,Slide,NA
890,AR/CHNG/83M12/2022/051,Arunachal Pradesh,Changlang,2.7km SE of Yanman,Changlang-Khimioyng road,27.047848,95.729657,Debris,Slide,NA
891,AR/CHNG/83M12/2022/050,Arunachal Pradesh,Changlang,Yanman slide,Changlang-Khimioyng road,27.057191,95.716883,Debris,Slide,NA
892,AR/CHNG/83M12/2022/049,Arunachal Pradesh,Changlang,500m NE of Yanman,Changlang-Khimioyng road,27.0611,95.721024,Debris,Slide,NA
893,AR/TIR/83M12/2022/026,Arunachal Pradesh,Tirap,200 m S of Katang,"Khonsa-Changlang road, NH215",27.061845,95.614212,Debris,Slide,NA
894,AR/WKA/83A12/2014/23,Arunachal Pradesh,West Kameng,NH-13,,27.06658,92.59572,Debris,Slide,2013
895,AR/CHNG/83M12/2022/048,Arunachal Pradesh,Changlang,2km NE of Yanman,Changlang-Khimioyng road,27.068358,95.725306,Debris,Slide,NA
896,AR/TIR/83M12/2022/027,Arunachal Pradesh,Tirap,400m S of Lanwang,"Khonsa-Changlang road, NH215",27.072206,95.634021,Rock,Slide,NA
897,AR/TIR/83M12/2022/042,Arunachal Pradesh,Tirap,1.5 km SE of Lanwang,"Khonsa-Changlang road, NH215",27.074431,95.638118,Debris,Slide,NA
898,AP/PP/83E12/2008/A-1,Arunachal Pradesh,Papum Pare,Slide at Vivekvihar,,27.078472,93.605639,NA,Slide,2008
899,AR/TIR/83M12/2022/041,Arunachal Pradesh,Tirap,1 km NE of Lanwang,"Khonsa-Changlang road, NH215",27.079176,95.638023,Rock,Slide,NA
900,ARN/Papumpare/83E12/2020/01,Arunachal Pradesh,Papum Pare,N/A,N/A,27.08130556,93.61283333,Unconsolidated rock debris and sandy soil.,Translation (Debris flow),25 June 2020
901,AR/PP/83E/12/2018/04,Arunachal Pradesh,Papum Pare,N/A,N/A,27.08155,93.61438,Debris/unconsolidated material,Debris slide,NA
902,AR/TIR/83M12/2022/040,Arunachal Pradesh,Tirap,1.5km NE of Lanwang,"Khonsa-Changlang road, NH215",27.083054,95.639328,Debris,Slide,NA
903,AR/83E/12/2021/03,Arunachal Pradesh,Papum Pare,N/A,N/A,27.083117,93.601735,Debris and unconsolidated material,Debris slide,NA
904,AR/WKG/83A12/2021/001,Arunachal Pradesh,West Kameng,NH 13 Slide 1,NH 13/ SW of Elephant Flat,27.086139,92.584361,Debris,Slide,NA
905,AP/WK/83E12/2008/A-10,Arunachal Pradesh,West Kameng,Slide at 10km SE of Sessa Village,,27.086667,92.585278,Debris,,2008
906,AP/PAP/83E12/2021/18,Arunachal Pradesh,Papum Pare,Papu nala slide,Near Papu nala,27.088278,93.66925,Debris,Slide,NA
907,AR/CHNG/83M12/2022/047,Arunachal Pradesh,Changlang,Bubang slide,Changlang-Khimioyng road,27.089394,95.729849,Debris,Slide,NA
908,AP/PP/83E12/2008/A-4,Arunachal Pradesh,Papum Pare,Slide at Abotany Vihar,,27.091139,93.615667,Rock cum Debris,Slide,2008
909,AR/WKG/83A12/2021/057,Arunachal Pradesh,West Kameng,Pinjori-Kimi Road Slide 6,Pinjori-Kimi Road,27.092028,92.597028,Rock,Slide,NA
910,AR/CHNG/83M12/2022/046,Arunachal Pradesh,Changlang,200 S of Bubang,Changlang-Khimioyng road,27.093755,95.731806,Rock,slide,NA
911,AP/WK/83E12/2008/A-11,Arunachal Pradesh,West Kameng,Slide at 15km SE of Sessa Village,,27.093889,92.591389,Debris,,2008
912,AP/PP/83E12/2008/A-2,Arunachal Pradesh,Papum Pare,Slide at Nitivihar,,27.095278,93.615694,NA,Slide,2008
913,AR/83E/12/2021/2,Arunachal Pradesh,Papum Pare,N/A,N/A,27.09589,93.62284,Debris/unconsolidated materials,Debris slide,NA
914,AR/TIR/83M12/2022/039,Arunachal Pradesh,Tirap,1.5 m W of Jadthungthong,"Khonsa-Changlang road, NH215",27.095969,95.634872,Debris,Slide,NA
915,AR/WKG/83A12/2021/052,Arunachal Pradesh,West Kameng,Pinjori-Kimi Road Slide 1,Pinjori-Kimi Road,27.099083,92.626306,Debris,Slide,NA
916,AR/TIR/83M12/2022/038,Arunachal Pradesh,Tirap,500 m W of Jadthungthong,"Khonsa-Changlang road, NH215",27.099707,95.641075,Rock,Slide,NA
917,AP/PP/83E12/2008/A-3,Arunachal Pradesh,Papum Pare,Slide at lower Nitivihar (inquiry point),,27.101111,93.619222,Rock cum Debris,Slide,2008
918,AR/83E/12/2018/06,Arunachal Pradesh,Papum Pare,N/A,N/A,27.10215,93.61371,Debris/unconsolidated material,Debris slide,NA
919,AR/TIR/83M12/2022/037,Arunachal Pradesh,Tirap,Jadthungithong slide,"Khonsa-Changlang road, NH215",27.102163,95.644694,Rock,Slide,NA
920,AR/APTIR/83M12/2022/108,Arunachal Pradesh,Tirap,800 m W of Lainwang,"Khonsa-Changlang road, NH215",27.102625,95.645631,Rock,Slide,NA
921,AP/PAP/83E12/2021/4,Arunachal Pradesh,Papum Pare,NE of Itanagar slide 1,NE of Itanagar,27.102944,93.640417,Debris,Slide,NA
922,AP/PAP/83E12/2021/5,Arunachal Pradesh,Papum Pare,NE of Itanagar slide 2,NE of Itanagar,27.103069,93.641778,Debris,Slide,NA
923,AP/PAP/83E12/2021/1,Arunachal Pradesh,Papum Pare,"500 m east of Bidyut Bhavan, Itanagar","Bidyut Bhavan, Itanagar",27.103111,93.634019,Debris,Slide,NA
924,AP/PAP/83E12/2021/3,Arunachal Pradesh,Papum Pare,NE of Bidyut Bhavan slide 2,NE of Bidyut Bhavan,27.103444,93.638722,Debris,Slide,NA
925,AR/WKG/83A12/2021/053,Arunachal Pradesh,West Kameng,Pinjori-Kimi Road Slide 2,Pinjori-Kimi Road,27.103639,92.76025,Rock,Slide,NA
926,AR/83E/12/2021/05,Arunachal Pradesh,Papum Pare,N/A,N/A,27.10375,93.61529,Debris /unconsolidated material,Debris slide,"2020,2021"
927,AP/PAP/83E12/2021/2,Arunachal Pradesh,Papum Pare,NE of Bidyut Bhavan slide 1,"Bidyut Bhavan, Itanagar",27.103944,93.637611,Debris,Slide,NA
928,AR/WKG/83A12/2021/004,Arunachal Pradesh,West Kameng,East of Sessa Slide 2,NH 13/ E of Sessa,27.105083,92.555222,Debris,Slide,NA
929,AR/WKG/83A12/2021/003,Arunachal Pradesh,West Kameng,East of Sessa Slide 1,N130? of NH 13/ E of Sessa,27.1055,92.556278,Debris,Slide,NA
930,AP/PP/83E12/2008/A-7,Arunachal Pradesh,Papum Pare,"Slide at E-Sector, Police Colony, Naharlagun",,27.105556,93.699722,Debris,Slide,2008
931,AR/TIR/83M12/2022/036,Arunachal Pradesh,Tirap,200m E of Kolagaon,"Khonsa-Changlang road, NH215",27.105748,95.654176,Rock,Slide,NA
932,AP/PP/83E12/2008/A-5,Arunachal Pradesh,Papum Pare,Slide at Shiv Mandir,,27.106472,93.663889,Rock cum Debris,Slide,2008
933,AP/PAP/83E12/2021/6,Arunachal Pradesh,Papum Pare,NE of Itanagar slide 3,NE of Itanagar,27.106722,93.660111,Debris,Slide,NA
934,AR/WKG/83A12/2021/002,Arunachal Pradesh,West Kameng,NH 13 Slide 2,NH 13/ NW of Elephant Flat,27.106939,92.573544,Debris,Slide,NA
935,ARN/PAP/83E11/2017/03,Arunachal Pradesh,Papum Pare,6 kilo,NH- 415,27.10736,93.64975,Debris,Slide,2017
936,AR/WKG/83A12/2021/048,Arunachal Pradesh,West Kameng,NH 13 Slide 33,NH 13/ Sedal,27.1105,92.537444,Debris,Slide,NA
937,AP/PP/83E12/2008/A-6,Arunachal Pradesh,Papum Pare,Slide at Naharlagun nala,,27.112222,93.694444,NA,Flow,2008
938,AR/CHNG/83M12/2022/045,Arunachal Pradesh,Changlang,1 Km SE of Negchang,Changlang-Khimioyng road,27.112268,95.736125,Rock,Slide,NA
939,AR/WKG/83A12/2021/046,Arunachal Pradesh,West Kameng,Seppa Road Slide 7,Seppa Road Section,27.112694,92.543472,Debris,Slide,NA
940,AR/WKG/83A12/2021/005,Arunachal Pradesh,West Kameng,NH 13 Slide 3,NH 13,27.11375,92.537583,Debris,Slide,NA
941,AR/CHNG/83M12/2022/035,Arunachal Pradesh,Changlang,200m E of Kangkho,"Khonsa-Changlang road, NH215",27.115246,95.670965,Debris,Slide,NA
942,AR/CHNG/83M12/2022/043,Arunachal Pradesh,Changlang,500 m SE of Negchang,Changlang-Khimioyng road,27.115545,95.733337,Rock,Slide,NA
943,AR/WKG/83A12/2021/054,Arunachal Pradesh,West Kameng,Pinjori-Kimi Road Slide 3,Pinjori-Kimi Road,27.115694,92.763028,Rock,Slide,NA
944,AR/CHNG/83M12/2022/044,Arunachal Pradesh,Changlang,700 m SE of Negchang,Changlang-Khimioyng road,27.11587,95.733019,Rock,Fall,NA
945,AR/WKG/83A12/2021/047,Arunachal Pradesh,West Kameng,NH 13 Slide 32,NH 13/ Sedal,27.116194,92.543111,Debris,Slide,NA
946,AR/CHNG/83M12/2022/034,Arunachal Pradesh,Changlang,400m NE of Kangkho,"Khonsa-Changlang road, NH215",27.116625,95.669825,Debris,Slide,NA
947,AR/CHNG/83M12/2022/032,Arunachal Pradesh,Changlang,800m W of Yankang,"Khonsa-Changlang road, NH215",27.122408,95.678718,Debris,Slide,NA
948,AR/CHNG/83M12/2022/033,Arunachal Pradesh,Changlang,Yankang slide,"Khonsa-Changlang road, NH215",27.122872,95.672546,Debris,Slide,NA
949,AP/PAP/83E12/2021/7,Arunachal Pradesh,Papum Pare,Naharlagun slide 1,NE of Naharlagun,27.123139,93.702139,Debris,Slide,NA
950,AP/PP/83E12/2008/A-8,Arunachal Pradesh,Papum Pare,Slide at Nirijuli,,27.124444,93.742222,NA,Creep,2008
951,AR/CHNG/83M12/2022/099,Arunachal Pradesh,Changlang,200m SE of Salang,Changlang-New Changalang road,27.125767,95.745585,Debris,Slide,NA
952,ARN/PAP/83E11/2017/02,Arunachal Pradesh,Papum Pare,Nirjuli,NH- 415,27.1275,93.73164,Debris,Slide,2017
953,ARN/PAP/83E11/2017/04,Arunachal Pradesh,Papum Pare,2 kilo,NH- 415,27.1275,93.73164,Debris,Slide,2017
954,AP/PAP/83E12/2021/8,Arunachal Pradesh,Papum Pare,Naharlagun slide 2,Near Naharlagun,27.128972,93.705333,Debris,Slide,NA
955,AR/CHNG/83M12/2022/031,Arunachal Pradesh,Changlang,1 km N of Yankang,"Khonsa-Changlang road, NH215",27.12922,95.684101,Debris,Slide,NA
956,AR/CHNG/83M12/2022/029,Arunachal Pradesh,Changlang,Yatdam slide,"Khonsa-Changlang road, NH215",27.131129,95.689613,Debris,Slide,NA
957,AR/CHNG/83M12/2022/030,Arunachal Pradesh,Changlang,500 m S of Saban-Wawoi,"Khonsa-Changlang road, NH215",27.132794,95.687302,Debris,Slide,NA
958,AR/CHNG/83M12/2022/028,Arunachal Pradesh,Changlang,600 m West of Simnom,"Khonsa-Changlang road, NH215",27.132933,95.709803,Debris,Slide,NA
959,AR/WKG/83A12/2021/055,Arunachal Pradesh,West Kameng,Pinjori-Kimi Road Slide 4,Pinjori-Kimi Road,27.134444,92.599611,Debris,Slide,NA
960,Arn/ Papum Pare /83E/12/2020/02,Arunachal Pradesh,Papum Pare,N/A,N/A,27.13469444,93.74347222,Unconsolidated rock debris and sandy soil.,Translation (Debris flow),NA
961,AR/CHNG/83M12/2022/109,Arunachal Pradesh,Changlang,300 N of Changlang,"NH-215, Changlang-Margherita raod",27.143343,95.743034,Debris,Slide,NA
962,AR/CHNG/83M12/2022/054,Arunachal Pradesh,Changlang,500 N of Changlang,Changlang-Margherita road (NH215),27.1448,95.742566,Debris,Slide,NA
963,AR/WKG/83A12/2021/056,Arunachal Pradesh,West Kameng,Pinjori-Kimi Road Slide 5,Pinjori-Kimi Road,27.148056,92.613889,Debris,Slide,NA
964,AR/CHNG/83M12/2022/101,Arunachal Pradesh,Changlang,200m S of Rangran,Changlang-New Changalang road,27.150127,95.780208,Debris,Slide,NA
965,AR/WKG/83A12/2021/006,Arunachal Pradesh,West Kameng,NH 13 Slide 4,NH 13,27.152417,92.561778,Debris,Slide,NA
966,AR/WKG/83A12/2021/007,Arunachal Pradesh,West Kameng,NH 13 Slide 5,NH 13,27.153056,92.56175,Debris,Slide,NA
967,AR/CHNG/83M12/2022/100,Arunachal Pradesh,Changlang,500m Swof Rangran,Changlang-New Changalang road,27.153826,95.77545,Debris,Slide,NA
968,AR/CHNG/83M16/2022/106,Arunachal Pradesh,Changlang,1 km NE of Amchung,Changlang-Kengkhu road,27.15844,95.755292,Debris,Slide,NA
969,AR/CHNG/83M16/2022/107,Arunachal Pradesh,Changlang,600m NE of Amchung,Changlang-Kengkhu road,27.158837,95.750303,Debris,Slide,NA
970,AP/PAP/83E12/2021/9,Arunachal Pradesh,Papum Pare,Naharlagun Railway station slide 1,NE Naharlagun Railway station,27.16,93.739167,Debris,Slide,NA
971,AR/CHNG/83M16/2022/105,Arunachal Pradesh,Changlang,1.4 NE of Amchung,Changlang-Kengkhu road,27.160065,95.754919,Rock,Fall,NA
972,AP/EK/83E03/2021/39,Arunachal Pradesh,East Kameng,NH-31 slide-28,NH-36,27.161806,93.136194,Earth,Slide,NA
973,AR/CHNG/83M16/2022/103,Arunachal Pradesh,Changlang,2.2 km NE of Amchung,Changlang-Kengkhu road,27.161858,95.757717,Debris,Slide,NA
974,AR/CHNG/83M16/2022/104,Arunachal Pradesh,Changlang,1.8 km NE of Amchung,Changlang - Kengkhu road,27.163084,95.754775,Debris,Slide,NA
975,AR/CHNG/83M16/2022/055,Arunachal Pradesh,Changlang,"200 m N of Army, Changlang",Changlang-Margherita road (NH215),27.163388,95.746685,Debris,Slide,NA
976,AP/PAP/83E16/2021/11,Arunachal Pradesh,Papum Pare,Doimukh petrol pump slide,Doimukh petrol pump,27.163556,93.752306,Debris,Slide,NA
977,AP/PAP/83E12/2021/10,Arunachal Pradesh,Papum Pare,Naharlagun Railway station slide 2,NE Naharlagun Railway station,27.165806,93.751167,Debris,Slide,NA
978,AR/WKG/83A12/2021/041,Arunachal Pradesh,West Kameng,Seppa Road Slide 2,Seppa Road Section,27.166306,92.587139,Debris,Slide,NA
979,AR/WKG/83A12/2021/040,Arunachal Pradesh,West Kameng,Seppa Road Slide 1,Seppa Road Section,27.167139,92.587917,Debris,Slide,NA
980,AR/CHNG/83M16/2022/102,Arunachal Pradesh,Changlang,Near Army camp,"NH-215, Changlang-Marigrehta road",27.172066,95.754546,Debris,Slide,NA
981,AR/CHNG/83M16/2022/056,Arunachal Pradesh,Changlang,1.6km SE of Simran New Thamlom,Changlang-Margherita road (NH215),27.175606,95.749935,Debris,Slide,NA
982,AP/EK/83E04/2021/31,Arunachal Pradesh,East Kameng,NH-31 slide-21,NH-35,27.177667,93.148694,Soil,Slide,NA
983,AP/EK/83E04/2021/32,Arunachal Pradesh,East Kameng,NH-31 slide-22,NH-35,27.177667,93.148694,Soil,Slide,NA
984,AP/EK/83E03/2021/33,Arunachal Pradesh,East Kameng,NH-31 slide-23,NH-35,27.177667,93.148694,Soil,Slide,NA
985,AP/EK/83E03/2021/34,Arunachal Pradesh,East Kameng,NH-31 slide-24,NH-35,27.177667,93.148694,Soil,Slide,NA
986,AP/EK/83E03/2021/35,Arunachal Pradesh,East Kameng,NH-31 slide-25,NH-35,27.177667,93.148694,Soil,Slide,NA
987,AP/EK/83E03/2021/36,Arunachal Pradesh,East Kameng,NH-31 slide-26,NH-35,27.177667,93.148694,Soil,Slide,NA
988,AP/EK/83E03/2021/37,Arunachal Pradesh,East Kameng,NH-31 slide-27,NH-35,27.177667,93.148694,Soil,Slide,NA
989,AP/EK/83E03/2021/38,Arunachal Pradesh,East Kameng,NH-31 slide-28,NH-35,27.177667,93.148694,Soil,Slide,NA
990,AR/CHNG/83M12/2022/057,Arunachal Pradesh,Changlang,1.2km W of Simran New Thamlom,Changlang-Margherita road (NH215),27.178695,95.735218,Rock,Fall,NA
991,AR/WKG/83A12/2021/042,Arunachal Pradesh,West Kameng,Seppa Road Slide 3,Seppa Road Section,27.182278,92.599889,Debris,Slide,NA
992,AR/WKG/83A12/2021/043,Arunachal Pradesh,West Kameng,Seppa Road Slide 4,Seppa Road Section,27.183833,92.599333,Debris,Slide,NA
993,AR/CHNG/83M12/2022/058,Arunachal Pradesh,Changlang,200m N of Thamsung,Changlang-Margherita road (NH215),27.187767,95.732008,Debris,Slide,NA
994,AR/CHNG/83M12/2022/060,Arunachal Pradesh,Changlang,600m S of Nagoithong,Changlang-Margherita road (NH215),27.188551,95.703582,Debris,Slide,NA
995,AP/EK/83E04/2021/30,Arunachal Pradesh,East Kameng,NH-31 slide-20,NH-34,27.188694,93.136056,Rock,Fall,NA
996,AR/CHNG/83M12/2022/059,Arunachal Pradesh,Changlang,1.5km SW of Thingdang,Changlang-Margherita road (NH215),27.190295,95.716317,Rock,Rock fall,NA
997,AR/WKG/83A12/2021/044,Arunachal Pradesh,West Kameng,Seppa Road Slide 5,Seppa Road Section,27.190861,92.607806,Debris,Slide,NA
998,AR/WKG/83A12/2021/045,Arunachal Pradesh,West Kameng,Seppa Road Slide 6,Seppa Road Section,27.191667,92.610111,Debris,Slide,NA
999,ARN/LS/83E15/2016/04,Arunachal Pradesh,Lower Subansiri,Hoj-Potin slide,National Highway 713-A,27.193425,93.780983,Debris,Slide,16 July 2016
1000,AP/PAP/83E16/2021/12,Arunachal Pradesh,Papum Pare,West of Doimukh slide 1,W of Doimukh,27.194111,93.780944,Debris,Slide,NA
1001,AP/PK/83E04/2021/29,Arunachal Pradesh,East Kameng,NH-31 slide-19,NH-33,27.196944,93.139722,Soil,Slide,NA
1002,AR/WKG/83A12/2021/008,Arunachal Pradesh,West Kameng,NH 13 Slide 6,NH 13,27.204139,92.529278,Rock,Fall,NA
1003,AR/WKG/83A12/2021/009,Arunachal Pradesh,West Kameng,NH 13 Slide 7,NH 13,27.20675,92.537389,Debris,Slide,NA
1004,AR/WKG/83A12/2021/010,Arunachal Pradesh,West Kameng,NH 13 Slide 8,NH 13,27.206917,92.537667,Debris,Slide,NA
1005,AP/PAP/83E12/2021/69,Arunachal Pradesh,Papum Pare,Peech-Hoj village slide,Peech-Hoj village,27.207583,93.615667,Debris,Slide,NA
1006,ARN/PAP/83E12/2017/01,Arunachal Pradesh,Papum Pare,Laptap Landslide,"Trans Arunachal Highway, about 40 km south of the state capital Itanagar",27.207659,93.615842,Debris,Slide,2017
1007,AP/EK/83E03/2021/28,Arunachal Pradesh,Pakke Kessang,Ngoleko Village slide,NH-31,27.208083,93.133472,Soil,Slide,NA
1008,AR/WKG/83A12/2021/011,Arunachal Pradesh,West Kameng,NH 13 Slide 9,NH 13/ W of New Kaspi,27.208222,92.55475,Debris,Slide,NA
1009,AP/PAP/83E12/2021/68,Arunachal Pradesh,Papum Pare,Laptap village slide 2,W of Laptap village,27.210556,93.628556,Debris,Slide,NA
1010,AP/PAP/83E12/2021/67,Arunachal Pradesh,Papum Pare,Laptap village slide 1,Laptap village,27.214778,93.635667,Debris,Slide,NA
1011,AP/EK/83E03/2021/27,Arunachal Pradesh,East Kameng,NH-31 slide-18,"NH-31, Ngoleko Village",27.215611,93.123139,Soil,Slide,NA
1012,AP/EK/83E03/2021/25,Arunachal Pradesh,East Kameng,NH-31 slide-16,NH-31,27.215944,93.069222,Debris,Slide,NA
1013,AP/PAP/83E12/2021/66,Arunachal Pradesh,Papum Pare,"49th K.M Camp, Sagalee slide",49th K.M Camp-Sagalee section,27.216278,93.655639,Debris,Slide,NA
1014,AP/PAP/83E12/2021/65,Arunachal Pradesh,Papum Pare,Mep Soro-Jote road section slide 10,Mep Soro-Jote road section,27.216639,93.691472,Debris,Slide,NA
1015,AP/EK/83E03/2021/26,Arunachal Pradesh,East Kameng,NH-31 slide-17,NH-31,27.216778,93.074944,Debris,Slide,NA
1016,AP/EK/83E03/2021/24,Arunachal Pradesh,East Kameng,NH-31 slide-15,NH-31,27.217333,93.064833,Debris,Slide,NA
1017,AP/PAP/83E12/2021/64,Arunachal Pradesh,Papum Pare,Mep Soro-Jote road section slide 9,Mep Soro-Jote road section,27.218611,93.695278,Debris,Slide,NA
1018,AP/PAP/83E12/2021/70,Arunachal Pradesh,Papum Pare,Palapu village slide,Palapu village,27.22075,93.581167,Rock,Slide,NA
1019,AP/PAP/83E12/2021/63,Arunachal Pradesh,Papum Pare,Mep Soro-Jote road section slide 8,Mep Soro-Jote road section,27.220833,93.698194,Debris,Slide,NA
1020,AP/PAP/83E12/2021/71,Arunachal Pradesh,Papum Pare,Mep Soro-Jote road section slide 8,Mep Soro-Jote road section,27.223667,93.580417,Debris,Slide,NA
1021,AP/PAP/83E12/2021/72,Arunachal Pradesh,Papum Pare,Mep Soro-Jote road section slide 9,Mep Soro-Jote road section,27.225361,93.570278,Debris,Slide,NA
1022,AR/CHNG/83M16/2022/096,Arunachal Pradesh,Changlang,1.7km SW of Lungsang,Jairampur-Walongtoi road,27.226901,95.905393,Debris,Slide,NA
1023,AP/PAP/83E12/2021/73,Arunachal Pradesh,Papum Pare,Mep Soro-Jote road section slide 10,Mep Soro-Jote road section,27.228056,93.568972,Rock,Slide,NA
1024,AP/PAP/83E16/2021/13,Arunachal Pradesh,Papum Pare,N/A,N/A,27.228167,93.799111,Debris,Slide,NA
1025,AP/PAP/83E12/2021/62,Arunachal Pradesh,Papum Pare,West of Mep Soro slide 2,W of Mep Soro,27.234139,93.707861,Rock,Slide,NA
1026,AP/PAP/83E12/2021/74,Arunachal Pradesh,Papum Pare,Mep Soro-Jote road section slide 11,Mep Soro-Jote road section,27.234917,93.536139,Debris,Slide,NA
1027,AP/PAP/83E12/2021/75,Arunachal Pradesh,Papum Pare,Sagalee-Jote road section slide 1,Sagalee-Jote road section,27.235306,93.524389,Debris,Slide,NA
1028,AP/PAP/83E12/2021/61,Arunachal Pradesh,Papum Pare,West of Mep Soro slide 1,W of Mep Soro,27.236139,93.715694,Debris,Slide,NA
1029,AP/PAP/83E16/2021/14,Arunachal Pradesh,Papum Pare,West of Doimukh slide 3,W of Doimukh,27.236306,93.807167,Debris,Slide,NA
1030,AP/PAP/83E16/2021/15,Arunachal Pradesh,Papum Pare,West of Doimukh slide 4,W of Doimukh,27.238222,93.806444,Debris,Slide,NA
1031,AP/PAP/83E16/2021/16,Arunachal Pradesh,Papum Pare,West of Doimukh slide 5,W of Doimukh,27.238917,93.806083,Debris,Slide,NA
1032,AP/PAP/83E12/2021/59,Arunachal Pradesh,Papum Pare,West of Dakte village slide 3,W of Dakte village,27.239333,93.745,Debris,Slide,NA
1033,ARN/LS/83E15/2016/08,Arunachal Pradesh,Lower Subansiri,Hoj-Potin slide,National Highway 713-A,27.23995,93.806589,Debris,Slide,17 July 2016
1034,AP/PAP/83E12/2021/58,Arunachal Pradesh,Papum Pare,West of Dakte village slide 2,W of Dakte village,27.240083,93.745917,Debris,Slide,NA
1035,AP/EK/83E03/2021/23,Arunachal Pradesh,East Kameng,NH-31 slide-14,NH-31,27.240444,93.064361,Debris,Slide,NA
1036,AP/PAP/83E16/2021/55,Arunachal Pradesh,Papum Pare,Mep Soro-Jote road section slide 6,Mep Soro-Jote road section,27.240556,93.750417,Debris,Slide,NA
1037,AP/PAP/83E12/2021/60,Arunachal Pradesh,Papum Pare,West of Dakte village slide 4,W of Dakte village,27.241,93.731417,Debris,Slide,NA
1038,AP/PAP/83E12/2021/56,Arunachal Pradesh,Papum Pare,Mep Soro-Jote road section slide 7,Mep Soro-Jote road section,27.241056,93.749306,Debris,Slide,NA
1039,AP/PAP/83E12/2021/57,Arunachal Pradesh,Papum Pare,West of Dakte village slide 1,W of Dakte village,27.24125,93.746889,Debris,Slide,NA
1040,AP/PAP/83E16/2021/54,Arunachal Pradesh,Papum Pare,Mep Soro-Jote road section slide 5,Mep Soro-Jote road section,27.242917,93.757222,Debris,Slide,NA
1041,AP/PAP/83E16/2021/17,Arunachal Pradesh,Papum Pare,Jumpa village slide,Jumpa village,27.246111,93.804667,Debris,Slide,NA
1042,ARN/LS/83E15/2016/07,Arunachal Pradesh,Lower Subansiri,Hoj-Potin slide,National Highway 713-A,27.246131,93.804711,Debris,Slide,17 July 2016
1043,AP/PAP/83E16/2021/53,Arunachal Pradesh,Papum Pare,Mep Soro-Jote road section slide 4,Mep Soro-Jote road section,27.24675,93.765333,Debris,Slide,NA
1044,AP/PAP/83E16/2021/52,Arunachal Pradesh,Papum Pare,Mep Soro-Jote road section slide 3,Mep Soro-Jote road section,27.248167,93.765889,Debris,Slide,NA
1045,AR/WKG/83A12/2021/049,Arunachal Pradesh,West Kameng,Seppa Road Slide 8,Seppa Road Section,27.248722,92.737722,Rock,Slide,NA
1046,AP/PAP/83E11/2021/76,Arunachal Pradesh,Papum Pare,Sagalee-Jote road section slide 2,Sagalee-Jote road section,27.2495,93.507833,Soil,Slide,NA
1047,AP/PAP/83E11/2021/77,Arunachal Pradesh,Papum Pare,Sagalee-Jote road section slide 3,Sagalee-Jote road section,27.251806,93.504278,Debris,Slide,NA
1048,AP/PAP/83E11/2021/78,Arunachal Pradesh,Papum Pare,East of Sagalee slide,East of Sagalee,27.253778,93.507778,Debris,Slide,NA
1049,ARN/LS/83E15/2016/06,Arunachal Pradesh,Lower Subansiri,Hoj-Potin slide,National Highway 713-A,27.254756,93.801303,Debris,Slide,17 July 2016
1050,AP/EK/83E03/2021/22,Arunachal Pradesh,East Kameng,NH-31 slide-13,NH-31,27.256917,93.064472,Earth,Slide,NA
1051,AR/CHNG/83M15/2022/095,Arunachal Pradesh,Changlang,200m E of Old Kamlao,"NH-315, Jairampur-Manmao road section",27.257581,95.936353,Debris,Slide,NA
1052,AP/PAP/83E15/2021/51,Arunachal Pradesh,Papum Pare,Mep Soro-Jote road section slide 2,Mep Soro-Jote road section,27.258556,93.778167,Debris,Slide,NA
1053,AP/PAP/83E15/2021/48,Arunachal Pradesh,Papum Pare,"NEEPCO office, Sagalee slide 2","NEEPCO office, Sagalee",27.260222,93.7895,Debris,Slide,NA
1054,AP/PAP/83E15/2021/49,Arunachal Pradesh,Papum Pare,"NEEPCO office, Sagalee slide 3","NEEPCO office, Sagalee",27.260222,93.7895,Debris,Slide,NA
1055,AP/PAP/83E15/2021/47,Arunachal Pradesh,Papum Pare,"NEEPCO office, Sagalee slide 1","NEEPCO office, Sagalee",27.260444,93.7895,Rock,Slide,NA
1056,AP/PAP/83E15/2021/50,Arunachal Pradesh,Papum Pare,Mep Soro-Jote road section slide 1,Mep Soro-Jote road section,27.260722,93.780306,Debris,Slide,NA
1057,AR/WKG/83A07/2021/012,Arunachal Pradesh,West Kameng,West of Bomdila Slide 1,W of Bomdila,27.266667,92.404389,Debris,Slide,NA
1058,AP/PAP/83E15/2021/19,Arunachal Pradesh,Papum Pare,Yajali slide,Yajali,27.267722,93.80125,Debris,Slide,NA
1059,AR/CHNG/92A03/2022/097,Arunachal Pradesh,Changlang,"S of Longvi, 8 km Tea Garden",Longvi-hetlong road,27.268684,96.040751,Debris,Slide,NA
1060,AR/CHNG/92A03/2022/098,Arunachal Pradesh,Changlang,"S of Longvi, 8 km Tea Garden",Longvi-hetlong road,27.268973,96.037707,Debris,Slide,NA
1061,AP/PAP/83E15/2021/20,Arunachal Pradesh,Papum Pare,West of Shepa village slide 1,W of Shepa village,27.269861,93.802361,Debris,Slide,NA
1062,AP/PAP/83E15/2021/21,Arunachal Pradesh,Papum Pare,West of Shepa village slide 2,W of Shepa village,27.270019,93.799333,Debris,Slide,NA
1063,AR/CHNG/83M15/2022/093,Arunachal Pradesh,Changlang,1km E of Old Kamlao,"NH-315, Jairampur-Manmao road section",27.273999,95.975506,Debris,Slide,NA
1064,AP/PAP/83E15/2021/22,Arunachal Pradesh,Papum Pare,West of Shepa village slide 3,W of Shepa village,27.2745,93.797833,Debris,Slide,NA
1065,AR/CHNG/83M15/2022/094,Arunachal Pradesh,Changlang,600m E of Old Kamlao,"NH-315, Jairampur-Manmao road section",27.275542,95.965859,Debris,Slide,NA
1066,AP/PAP/83E15/2021/23,Arunachal Pradesh,Papum Pare,West of Shepa village slide 4,W of Shepa village,27.27625,93.795889,Debris,Slide,NA
1067,AR/WKG/83A07/2021/013,Arunachal Pradesh,West Kameng,NH 13 Slide 10,NH 13/ NW of Bomdila,27.277417,92.425278,Debris,Slide,NA
1068,AR/WKG/83A07/2021/014,Arunachal Pradesh,West Kameng,NH 13 Slide 11,NH 13/ NW of Bomdila,27.278417,92.426917,Debris,Slide,NA
1069,AP/PAP/83E15/2021/24,Arunachal Pradesh,Papum Pare,West of Shepa village slide 5,W of Shepa village,27.27925,93.796444,Debris,Slide,NA
1070,AR/CHNG/92A03/2022/076,Arunachal Pradesh,Changlang,1.5 km S of Nampong,"NH-315, Nampong-Pangasu Pass road",27.282921,96.122193,Debris,Slide,NA
1071,AR/CHNG/83M15/2022/091,Arunachal Pradesh,Changlang,1.7 km SW of old Kamlao,"NH-315, Jairampur-Manmao road section",27.287781,95.978389,Rock,Slide,NA
1072,AR/CHNG/83M15/2022/092,Arunachal Pradesh,Changlang,1.8 km SW of Old Kamlao,"NH-315, Jairampur-Manmao road section",27.287855,95.977914,Debris,Slide,NA
1073,AR/CHNG/92A03/2022/075,Arunachal Pradesh,Changlang,700 m E of Taipi Dudam,Jarampur- Nampong road,27.288125,96.075898,Debris,Slide,NA
1074,AP/PAP/83E15/2021/25,Arunachal Pradesh,Papum Pare,Hara Appa village slide 1,Hara Appa village,27.291083,93.796806,Debris,Slide,NA
1075,AR/WKG/83A07/2021/015,Arunachal Pradesh,West Kameng,NH 13 Slide 12,NH 13/ S of Tinghei,27.291528,92.391778,Debris,Slide,NA
1076,AR/WKG/83A07/2021/016,Arunachal Pradesh,West Kameng,NH 13 Slide 13,NH 13/ S of Tinghei,27.292167,92.391889,Debris,Slide,NA
1077,AR/WKG/83A07/2021/017,Arunachal Pradesh,West Kameng,NH 13 Slide 14,NH 13/ S of Tinghei,27.292444,92.391861,Debris,Slide,NA
1078,AR/CHNG/92A03/2022/083,Arunachal Pradesh,Changlang,800m W Hetlong,"NH-315, Jairampur-Manmao road",27.29268,96.024049,Debris,Slide,NA
1079,AR/WKG/83A07/2021/018,Arunachal Pradesh,West Kameng,NH 13 Slide 15,NH 13/ S of Tinghei,27.293806,92.391694,Debris,Slide,NA
1080,AP/EK/83E03/2021/18,Arunachal Pradesh,East Kameng,NH-31 slide-9,NH-37,27.293806,93.050139,Earth,Slide,NA
1081,AP/PAP/83E15/2021/26,Arunachal Pradesh,Papum Pare,NE of Hara Appa village slide 1,NE of Hara Appa village,27.294278,93.802056,Debris,Slide,NA
1082,ARN/LS/83E15/2016/05,Arunachal Pradesh,Lower Subansiri,Hoj-Potin slide,National Highway 713-A,27.294886,93.803328,Debris,Slide,17 July 2016
1083,AP/EK/83E03/2021/19,Arunachal Pradesh,East Kameng,NH-31 slide-10,NH-38,27.294944,93.072417,Earth,Slide,NA
1084,AR/CHNG/92A03/2022/084,Arunachal Pradesh,Changlang,1km W Hetlongx,"NH-315, Jairampur-Manmao road",27.296223,96.013675,Debris,Slide,NA
1085,AP/EK/83E03/2021/21,Arunachal Pradesh,East Kameng,NH-31 slide-12,NH-31,27.296611,93.099056,Soil,Slide,NA
1086,AP/EK/83E03/2021/45,Arunachal Pradesh,East Kameng,Rang Village slide-3,"NH-31, Patiwa Village",27.297167,93.050889,Soil,Slide,NA
1087,AR/CHNG/92A03/2022/088,Arunachal Pradesh,Changlang,400 E of New Kamlao,"NH-315, Jairampur-Manmao road section",27.297775,96.002314,Debris,Slide,NA
1088,AR/CHNG/92A03/2022/082,Arunachal Pradesh,Changlang,500m NE of Longvi,"NH-315, Jairampur-Manmao road",27.298972,96.046398,Rock,Slide,NA
1089,AR/CHNG/92A03/2022/087,Arunachal Pradesh,Changlang,1.6km W Hetlong,"NH-315, Jairampur-Manmao road",27.299135,96.010349,Debris,Slide,NA
1090,AR/CHNG/83M15/2022/090,Arunachal Pradesh,Changlang,900 W of New Kamlao,"NH-315, Jairampur-Manmao road section",27.299744,95.987092,Debris,Slide,NA
1091,AR/CHNG/92A03/2022/085,Arunachal Pradesh,Changlang,1.2km W Hetlong,"NH-315, Jairampur-Manmao road",27.29976,96.012691,Debris,Slide,NA
1092,AR/CHNG/92A03/2022/086,Arunachal Pradesh,Changlang,"1.4km W Hetlong,","NH-315, Jairampur-Manmao road",27.300188,96.010838,Debris,Slide,NA
1093,AP/EK/83E03/2021/46,Arunachal Pradesh,East Kameng,Rang Village slide-4,"NH-31, Patiwa Village",27.300611,93.093417,Rock,Slide,NA
1094,AR/WKG/83A07/2021/019,Arunachal Pradesh,West Kameng,NH 13 Slide 16,NH 13/ N of Tinghei,27.300667,92.391833,Debris,Slide,NA
1095,AP/PAP/83E15/2021/27,Arunachal Pradesh,Papum Pare,NE of Hara Appa village slide 2,NE of Hara Appa village,27.300833,93.802833,Debris,Slide,NA
1096,AR/CHNG/83M15/2022/089,Arunachal Pradesh,Changlang,400 W of New Kamlao,"NH-315, Jairampur-Manmao road section",27.300945,95.992838,Debris,Slide,NA
1097,AP/EK/83E03/2021/20,Arunachal Pradesh,East Kameng,NH-31 slide-11,NH-39,27.301139,93.091889,Debris,Slide,NA
1098,AP/EK/83E03/2021/16,Arunachal Pradesh,East Kameng,NH-31 slide-7,NH-35,27.302389,93.055833,Debris,Slide,NA
1099,AP/EK/83E03/2021/17,Arunachal Pradesh,East Kameng,NH-31 slide-8,NH-36,27.302861,93.050917,Soil / Earth,Slide,NA
1100,AR/CHNG/92A03/2022/077,Arunachal Pradesh,Changlang,3.3 km E of Rima,"NH-315, Nampong-Rima Road",27.302949,96.154621,Debris,Slide,NA
1101,AP/EK/83E03/2021/15,Arunachal Pradesh,East Kameng,NH-31 slide-6,NH-34,27.304361,93.054611,Soil,Slide,NA
1102,AR/CHNG/92A03/2022/081,Arunachal Pradesh,Changlang,700m E of New Potuk,"NH-315, Nampong-Rima Road",27.305527,96.224831,Debris,Slide,NA
1103,ARN/LS/83E15/2016/03,Arunachal Pradesh,Lower Subansiri,Possa-Potin slide,National Highway 713-A,27.307072,93.806008,Debris,Slide,17 July 2016
1104,AP/PAP/83E15/2021/28,Arunachal Pradesh,Papum Pare,Appa Village slide,Appa Village,27.307111,93.806306,Debris,Slide,NA
1105,AR/CHNG/92A03/2022/078,Arunachal Pradesh,Changlang,400m E of Nogthey,"NH-315, Nampong-Rima Road",27.309012,96.158495,Debris,Slide,NA
1106,AR/CHNG/92A03/2022/079,Arunachal Pradesh,Changlang,400m W of Machum,"NH-315, Nampong-Rima Road",27.313343,96.171327,Debris,Slide,NA
1107,AR/CHNG/92A03/2022/080,Arunachal Pradesh,Changlang,300 SW of Rima,"NH-315, Nampong-Rima Road",27.315904,96.18349,Debris,Slide,NA
1108,AP/EK/83E03/2021/12,Arunachal Pradesh,East Kameng,NH-31 slide-3,NH-31,27.320083,93.050917,Earth,Slide,NA
1109,AP/EK/83E03/2021/11,Arunachal Pradesh,East Kameng,NH-31 slide-2,NH-31,27.32025,93.053222,Debris,Slide,NA
1110,AR/WKG/83A07/2021/020,Arunachal Pradesh,West Kameng,NH 13 Slide 17,NH 13/ N of Dharbu,27.325278,92.373722,Debris,Slide,NA
1111,AP/PAP/83E15/2021/29,Arunachal Pradesh,Papum Pare,Appa- Potin road slide,"NE of Appa, Potin village",27.325806,93.822389,Debris,Slide,NA
1112,AP/EK/83E03/2021/10,Arunachal Pradesh,East Kameng,NH-31 slide-1,NH-31,27.325861,93.055472,Debris,Slide,NA
1113,AP/EK/83E03/2021/14,Arunachal Pradesh,East Kameng,NH-31 slide-5,NH-33,27.327333,93.043611,Soil,Slide,NA
1114,AP/PAP/83E15/2021/44,Arunachal Pradesh,Papum Pare,Potin-Yazali road slide 4,Potin-Yazali road,27.327583,93.813389,Debris,Slide,NA
1115,AP/PAP/83E15/2021/45,Arunachal Pradesh,Papum Pare,Potin-Yazali road slide 5,Potin-Yazali road,27.328528,93.812528,Debris,Slide,NA
1116,AP/EK/83E03/2021/09,Arunachal Pradesh,East Kameng,North Seppa slide-9,NH-31,27.328611,93.056583,Rock,Planar/Wedge failure,NA
1117,AP/PAP/83E15/2021/43,Arunachal Pradesh,Papum Pare,Potin-Yazali road slide 3,Potin-Yazali road,27.334056,93.819417,Debris,Slide,NA
1118,AP/PAP/83E15/2021/42,Arunachal Pradesh,Papum Pare,Potin-Yazali road slide 2,Potin-Yazali road,27.336667,93.820722,Debris,Slide,NA
1119,AP/PAP/83E15/2021/41,Arunachal Pradesh,Papum Pare,Potin-Yazali road slide 1,North of Potin-Yazali road,27.337028,93.821306,Debris,Slide,NA
1120,ARN/LS/83E15/2016/02,Arunachal Pradesh,Lower Subansiri,Possa-Potin slide,National Highway 713-A,27.339267,93.802581,Debris,Slide,16 July 2016
1121,AP/PAP/83E15/2021/46,Arunachal Pradesh,Papum Pare,Potin-Yazali road slide 6,Potin-Yazali road,27.339833,93.805167,Debris,Slide,NA
1122,AR/WKG/83A07/2021/021,Arunachal Pradesh,West Kameng,NH 13 Slide 18,NH 13/ SE of Dirang Village,27.340556,92.274944,Debris,Slide,NA
1123,AP/EK/83E03/2021/08,Arunachal Pradesh,East Kameng,North Seppa slide-8,North Seppa,27.342139,93.041583,Earth,Slide,NA
1124,AP/WK/83E12/2008/A-14,Arunachal Pradesh,West Kameng,Slide at 5 km N of Dirang,,27.345556,92.266389,Debris,Flow,2008
1125,AP/EK/83A15/2021/51,Arunachal Pradesh,East Kameng,Sube Village slide-2,Road to Rang Village,27.34675,93.018528,Debris,Slide,NA
1126,AP/EK/83A15/2021/52,Arunachal Pradesh,East Kameng,Sube Village slide-3,Road to Rang Village,27.34675,93.018528,Debris,Slide,NA
1127,AP/EK/83A15/2021/53,Arunachal Pradesh,East Kameng,Sube Village slide-4,Road to Rang Village,27.34675,93.018528,Debris,Slide,NA
1128,AP/EK/83E03/2021/49,Arunachal Pradesh,East Kameng,Rang Village slide-7,Road to Rang Village,27.347917,93.012194,Earth,Slide,NA
1129,AP/EK/83E03/2021/50,Arunachal Pradesh,East Kameng,Sube Village slide-1,Road to Rang Village,27.347917,93.012194,Earth,Slide,NA
1130,AP/EK/83E03/2021/47,Arunachal Pradesh,East Kameng,Rang Village slide-5,Road to Rang Village,27.357083,93.026361,Debris,Slide,NA
1131,AR/WKG/83A03/2021/039,Arunachal Pradesh,West Kameng,NH 13 Slide 31,NH 13,27.358194,92.24325,Debris,Slide,NA
1132,AP/EK/83E03/2021/40,Arunachal Pradesh,East Kameng,Patiwa Village slide-1,NH-37,27.361222,93.035778,Debris,Slide,NA
1133,AR/WKG/83A03/2021/034,Arunachal Pradesh,West Kameng,Dirang- Rungkhung Road Section Slide 1,Dirang- Rungkhung Road Section,27.362028,92.244028,Debris,Slide,NA
1134,AR/WKG/83A03/2021/035,Arunachal Pradesh,West Kameng,Dirang- Rungkhung Road Section Slide 2,Dirang- Rungkhung Road Section,27.362444,92.243972,Debris,Slide,NA
1135,AR/WKG/83A03/2021/036,Arunachal Pradesh,West Kameng,Dirang-Rungkhung Road Section Slide 3,Dirang-Rungkhung Road Section,27.363417,92.24375,Debris,Slide,NA
1136,AP/EK/83E03/2021/48,Arunachal Pradesh,East Kameng,Rang Village slide-6,Road to Rang Village,27.363833,93.025139,Soil,Slide,NA
1137,AR/WKG/83A03/2021/037,Arunachal Pradesh,West Kameng,Dirang Town Baptist Church Slide 1,Dirang-Rungkhung Road Section,27.367611,92.2415,Debris,Slide,NA
1138,AR/WKG/83A03/2021/038,Arunachal Pradesh,West Kameng,Dirang Town Baptist Church Slide 2,Dirang-Rungkhung Road Section,27.368333,92.241583,Debris,Slide,NA
1139,AP/EK/83E04/2021/41,Arunachal Pradesh,East Kameng,Patiwa Village slide-2,NH-38,27.391639,93.011861,Debris,Slide,NA
1140,AR/WKG/83A03/2021/024,Arunachal Pradesh,West Kameng,NH 13 Slide 21,NH 13/ W of Milumkang,27.394306,92.157333,Rock,Slide,NA
1141,AR/WKG/83A03/2021/023,Arunachal Pradesh,West Kameng,NH 13 Slide 20,NH 13/ W of Milumkang,27.395444,92.164167,Debris,Slide,NA
1142,AR/WKG/83A03/2021/022,Arunachal Pradesh,West Kameng,NH 13 Slide 19,NH 13/ W of Milumkang,27.396722,92.163861,Rock,Slide,NA
1143,AR/WKG/83A03/2021/025,Arunachal Pradesh,West Kameng,NH 13 Slide 22,NH 13/ NW of Milumkang,27.403722,92.141056,Debris,Slide,NA
1144,AR/WKG/83A03/2021/032,Arunachal Pradesh,West Kameng,NH 13 Slide 29,NH 13/ S of Nyakmadung,27.405861,92.133778,Debris,Slide,NA
1145,AR/WKG/83A07/2021/033,Arunachal Pradesh,West Kameng,NH 13 Slide 30,NH 13/ S of Nyakmadung,27.409778,92.132167,Soil,Slide,NA
1146,AP/EK/83E03/2021/42,Arunachal Pradesh,East Kameng,Patiwa Village slide-3,NH-39,27.411944,93.010528,Debris,Slide,NA
1147,AP/EK/83E03/2021/43,Arunachal Pradesh,East Kameng,Rang Village slide-1,NH-39,27.411944,93.010528,Debris,Slide,NA
1148,AP/EK/83E03/2021/01,Arunachal Pradesh,East Kameng,North Seppa slide-1,North Seppa,27.420722,93.011083,Earth,Slide,NA
1149,AP/EK/83E03/2021/05,Arunachal Pradesh,East Kameng,North Seppa slide-5,North Seppa,27.421139,93.017611,Debris,Slide,NA
1150,AP/EK/83E03/2021/04,Arunachal Pradesh,East Kameng,North Seppa slide-4,North Seppa,27.422111,93.014639,Soil,Slide,NA
1151,AP/EK/83E03/2021/44,Arunachal Pradesh,East Kameng,Rang Village slide-2,"NH-31, Patiwa Village",27.423722,93.007583,Rock,Fall,NA
1152,AP/EK/83E03/2021/06,Arunachal Pradesh,East Kameng,North Seppa slide-6,North Seppa,27.428833,93.025306,Debris,Slide,NA
1153,AR/WKG/83A03/2021/026,Arunachal Pradesh,West Kameng,NH 13 Slide 23,NH 13/ NW of Milumkang,27.433056,92.123583,Soil,Slide,NA
1154,AP/EK/83E03/2021/13,Arunachal Pradesh,East Kameng,NH-31 slide-4,NH-32,27.436722,93.003639,Debris,Slide,NA
1155,AP/EK/83E03/2021/07,Arunachal Pradesh,East Kameng,North Seppa slide-7,North Seppa,27.437333,93.029667,Soil,Slide,NA
1156,AP/EK/83E03/2021/02,Arunachal Pradesh,East Kameng,North Seppa slide-2,North Seppa,27.441028,93.020389,Soil/Earth,Slide,NA
1157,AR/WKG/83A03/2021/027,Arunachal Pradesh,West Kameng,NH 13 Slide 24,NH 13/ S of Shomtsher,27.441361,92.117417,Debris,Slide,NA
1158,AP/EK/83E03/2021/03,Arunachal Pradesh,East Kameng,North Seppa slide-3,North Seppa,27.441694,93.021472,Debris,Slide,NA
1159,AR/CHNG/92A07/2022/072,Arunachal Pradesh,Changlang,"Deban, Namdapha Natonal Park",Miao-Vijyanagar road,27.447181,96.439865,Debris,Slide,NA
1160,AR/CHNG/92A07/2022/073,Arunachal Pradesh,Changlang,"Deban, Namdapha Natonal Park",Miao-Vijyanagar road,27.449807,96.444466,Debris,Slide,NA
1161,AR/US/82P04/2022/036,Arunachal Pradesh,Upper Siang,North of Damro-Gingkong Slide 2,Pasighat-yingkiong road,27.452833,95.239,Debris,slide,NA
1162,AR/CHNG/92A07/2022/074,Arunachal Pradesh,Changlang,"Deban, Namdapha Natonal Park",Miao-Vijyanagar road,27.453197,96.444944,Debris,Slide,NA
1163,AR/CHNG/92A07/2022/071,Arunachal Pradesh,Changlang,"Deban, Namdapha Natonal Park",Miao-Vijyanagar road,27.455222,96.440908,Debris,Slide,NA
1164,AR/WKG/83A03/2021/028,Arunachal Pradesh,West Kameng,NH 13 Slide 25,NH 13/ NE of Senge,27.456278,92.109556,Debris,Slide,NA
1165,AR/CHNG/92A07/2022/070,Arunachal Pradesh,Changlang,"Deban, Namdapha Natonal Park",Miao-Vijyanagar road,27.458768,96.440093,Debris,Slide,NA
1166,AR/US/82P04/2022/035,Arunachal Pradesh,Upper Siang,North of Damro-Gingkong Slide 1,Pasighat-yingkiong road,27.459167,95.233639,Rock,Slide,NA
1167,AP/WK/83E12/2008/A-12,Arunachal Pradesh,West Kameng,Slide on Dirang -Tawang road,,27.460278,92.110278,Rock,Fall,2008
1168,AR/CHNG/92A07/2022/068,Arunachal Pradesh,Changlang,"Deban, Namdapha Natonal Park",Miao-Vijyanagar road,27.460656,96.412177,Debris,Slide,NA
1169,AR/CHNG/92A07/2022/069,Arunachal Pradesh,Changlang,"Deban, Namdapha Natonal Park",Miao-Vijyanagar road,27.460731,96.41975,Soil,Slide,NA
1170,AR/CHNG/92A07/2022/067,Arunachal Pradesh,Changlang,"Deban, Namdapha Natonal Park",Miao-Vijyanagar road,27.466137,96.407194,Debris,Slide,NA
1171,AR/CHNG/92A07/2022/066,Arunachal Pradesh,Changlang,"Deban, Namdapha Natonal Park",Miao-Vijyanagar road,27.467849,96.409616,Debris,Slide,NA
1172,AR/CHNG/92A07/2022/065,Arunachal Pradesh,Changlang,"Deban, Namdapha Natonal Park",Miao-Vijyanagar road,27.470221,96.407798,Rock,Fall,NA
1173,AR/CHNG/92A07/2022/064,Arunachal Pradesh,Changlang,"Deban, Namdapha Natonal Park",Miao-Vijyanagar road,27.474408,96.408773,Debris,Slide,NA
1174,AR/CHNG/92A07/2022/063,Arunachal Pradesh,Changlang,"Deban, Namdapha Natonal Park",Miao-Vijyanagar road,27.476285,96.40896,Debris,Slide,NA
1175,AR/CHNG/92A07/2022/062,Arunachal Pradesh,Changlang,"Deban, Namdapha Natonal Park",Miao-Vijyanagar road,27.476614,96.408544,Rock,Fall,NA
1176,AR/CHNG/92A07/2022/061,Arunachal Pradesh,Changlang,"Deban, Namdapha Natonal Park",Miao-Vijyanagar road,27.479141,96.403435,Debris,Slide,NA
1177,AR/WKG/83A03/2021/029,Arunachal Pradesh,West Kameng,NH 13 Slide 26,NH 13/ N of Ngotengnang,27.483667,92.10925,Rock,Slide,NA
1178,AR/WKG/83A03/2021/030,Arunachal Pradesh,West Kameng,NH 13 Slide 27,NH 13/ NW of Kalobtse Mani,27.496333,92.104333,Rock,Slide,NA
1179,AR/WKG/83A03/2021/031,Arunachal Pradesh,West Kameng,NH 13 Slide 28,NH 13/ NW of Kalobtse Mani,27.497222,92.104667,Debris,Slide,NA
1180,AP/WK/78M14/2008/A-13,Arunachal Pradesh,West Kameng,Slide at 5 km SE from Tawang,,27.512278,91.875556,NA,Flow,2008
1181,AR/EK/ 83A14/2020-21/01,Arunachal Pradesh,East Kameng,Pakke road section slide-1,Pachhi-Pakke road section,27.520111,92.997139,Rock,Slide,NA
1182,AR/EK/ 83A14/2020-21/10,Arunachal Pradesh,East Kameng,Pakke road section slide-8,Pachhi-Pakke road section,27.521083,92.995444,Debris,Slide,NA
1183,AR/EK/ 83A14/2020-21/26,Arunachal Pradesh,East Kameng,Bameng-Tayung road section slide-2,Bameng-Tayung Road,27.530556,92.959167,Rock,Slide,NA
1184,AR/EK/ 83A14/2020-21/25,Arunachal Pradesh,East Kameng,Bameng-Tayung road section slide-1,Bameng-Tayung Road,27.5335,92.964861,Rock,Slide,NA
1185,AR/EK/ 83A14/2020-21/30,Arunachal Pradesh,East Kameng,Lengri-Riang road section slide-1,Lengri Riang road from Bameng,27.535806,92.930667,Debris,Slide,NA
1186,AR/EK/ 83A14/2020-21/02,Arunachal Pradesh,East Kameng,Pakke road section slide-2,Pachhi-Pakke road section,27.538778,92.988139,Debris,Slide,NA
1187,AR/EK/ 83A14/2020-21/09,Arunachal Pradesh,East Kameng,Pakke road section slide-7,Pachhi-Pakke road section,27.539694,92.991306,Rock,Fall,NA
1188,AR/EK/ 83A14/2020-21/27,Arunachal Pradesh,East Kameng,N/A,N/A,27.540917,92.949333,Debris,Slide,NA
1189,AR/EK/ 83A14/2020-21/29,Arunachal Pradesh,East Kameng,Bameng road section slide-3,Bameng road,27.542083,92.946,Debris,Slide,NA
1190,AR/EK/ 83A14/2020-21/28,Arunachal Pradesh,East Kameng,Bameng road section slide-2,Bameng road,27.542389,92.946306,Rock,Slide,NA
1191,AR/EK/ 83A14/2020-21/16,Arunachal Pradesh,East Kameng,Pakke-Bameng road section slide-1,Pakke-Bameng Road,27.542639,92.954417,Rock,Slide,NA
1192,AR/EK/ 83A14/2020-21/17,Arunachal Pradesh,East Kameng,Pakke-Bameng road section slide-2,Pakke-Bameng Road,27.543472,92.95525,Debris,Slide,NA
1193,AR/EK/ 83A14/2020-21/08,Arunachal Pradesh,East Kameng,Pakke road section slide-6,Pachhi-Pakke road section,27.543778,92.982806,Debris,Slide,NA
1194,AR/EK/ 83A14/2020-21/18,Arunachal Pradesh,East Kameng,Pakke-Bameng road section slide-3,Pakke-Bameng Road,27.544667,92.958806,Debris,Slide,NA
1195,AR/EK/ 83A14/2020-21/03,Arunachal Pradesh,East Kameng,Pakke road section slide-3,Pachhi-Pakke road section,27.546278,92.981472,Rock,Slide,NA
1196,AR/EK/ 83A14/2020-21/04,Arunachal Pradesh,East Kameng,Pakke road section slide-4,Pachhi-Pakke road section,27.549389,92.979028,Rock,Slide,NA
1197,AR/EK/ 83A14/2020-21/19,Arunachal Pradesh,East Kameng,Pakke-Bameng road section slide-4,Pakke-Bameng Road,27.550389,92.964861,Debris,Slide,NA
1198,AR/EK/ 83A14/2020-21/20,Arunachal Pradesh,East Kameng,Pakke-Bameng road section slide-5,Pakke-Bameng Road,27.552639,92.965861,Rock,Slide,NA
1199,AR/EK/ 83A14/2020-21/05,Arunachal Pradesh,East Kameng,Pakke road section slide-5,Pachhi-Pakke road section,27.553611,92.975583,Rock,Fall,NA
1200,AR/EK/ 83A14/2020-21/21,Arunachal Pradesh,East Kameng,Pakke-Bameng road section slide-6,Pakke-Bameng Road,27.555194,92.966222,Rock,Slide,NA
1201,AR/EK/ 83A14/2020-21/24,Arunachal Pradesh,East Kameng,Pakke-Bameng road section slide-9,Pakke-Bameng Road,27.555389,92.960778,Debris,Slide,NA
1202,AR/EK/ 83A14/2020-21/22,Arunachal Pradesh,East Kameng,Pakke-Bameng road section slide-7,Pakke-Bameng Road,27.555583,92.963028,Rock,Slide,NA
1203,AR/EK/ 83A14/2020-21/23,Arunachal Pradesh,East Kameng,Pakke-Bameng road section slide-8,Pakke-Bameng Road,27.555611,92.962194,Debris,Slide,NA
1204,AR/KD/82E/10/2018/01,Arunachal Pradesh,Kra Daadi,Deed- New Palin,"State Highway, Deed to New Palin road",27.5806,93.6348,Debris,Flow,NA
1205,AR/KP/83E16/2018/02,Arunachal Pradesh,Papum Pare,Yupia-Midpu,NH713A,27.1929,93.7802,Debris,Slide,NA
1206,AR/PP/83E12/2018/03,Arunachal Pradesh,Papum Pare,Itanagar-Naharlagun,National Highway 415,27.1076,93.6413,Debris and unconsolidated material,Debris flow and subsidence,NA
1207,Landslide No. 1,Arunachal Pradesh,Papum Pare,"NH-415, Kachcha Pahar, Gohpur landslide",NH-415,27.07925,93.59430556,Soil and boulders,Mud flow,NA
1208,Arn/ Papum Pare /83E/12/2020/02,Arunachal Pradesh,Papum Pare,Tigdo Slide,"Yupia - Potin Road, about 4 km from Doimukh town.",27.13469444,93.74347222,Unconsolidated rock debris and sandy soil.,Translation (Debris flow),NA
1209,ARN/Papumpare/83E12/2020/01,Arunachal Pradesh,Papum Pare,Donyi Slide,"Near Jollang Road, 2.5 km east of Itanagar City",27.08130556,93.61283333,Unconsolidated rock debris and sandy soil.,Translation (Debris flow),25 June 2020
1210,AR/ES/82P/8/2021/01,Arunachal Pradesh,East Siang,Renging,National Highway 229,28.14116,95.27472,Debris/unconsolidated material,Debris slide and subsidence,1950
1211,AR/ES/82P/8/2021/02,Arunachal Pradesh,East Siang,Renging,National Highway 229,28.14251,95.27439,Debris/unconsolidated material,Debris slide and subsidence,1950
1212,AR/PP/83E/12/2021/01,Arunachal Pradesh,Papum Pare,Chimpu-Hollongi Road,National Highway 415,27.03106,93.62292,Debris/unconsolidated material,Debris slide and subsidence,2020
1213,AR/83E/12/2021/2,Arunachal Pradesh,Papum Pare,D-Sector,"NH415, Itanagar city",27.09589,93.62284,Debris/unconsolidated materials,Debris slide,NA
1214,AR/83E/12/2021/03,Arunachal Pradesh,Papum Pare,Chandranagar,"NH415, Chandranagar, Itanagar",27.083117,93.601735,Debris and unconsolidated material,Debris slide,NA
1215,AR/PP/83E/12/2018/04,Arunachal Pradesh,Papum Pare,Donyi-Ruchi Circular road,Ganga marketJollang circular,27.08155,93.61438,Debris/unconsolidated material,Debris slide,NA
1216,AR/83E/12/2021/05,Arunachal Pradesh,Papum Pare,Sanki-I,Mow2-Senkiview road section,27.10375,93.61529,Debris,Debris slide,NA
1217,AR/83E/12/2018/06,Arunachal Pradesh,Papum Pare,Sanki-II,MowII-Senkicircular road,27.10215,93.61371,Debris/unconsolidated material,Debris slide,NA
1218,ARN/TWG/FM/2016-17/01,Arunachal Pradesh,Tawang,Famla Slide,,27.58741667,91.88694444,Debris,Slide,22 April 2016
1219,ARN/TWG/FM/2016-17/02,Arunachal Pradesh,Tawang,Famla Slide,,27.58741667,91.88694444,Earth / soil,Slide,22 April 2016
1220,ARN/TWG/NYD/2016-17/06,Arunachal Pradesh,Tawang,Nyungmadung Slide,,27.59152778,91.88044444,Earth / soil,Flows,23 April 2016
1221,ARN/TWG/RBR/2016-17/17,Arunachal Pradesh,Tawang,Rabrang Sinking zone,,27.58647222,91.89636111,Earth/Soil/Debris,Sinking/subsidence,NA
1222,ARN/TWG/KHT/2016-17/20,Arunachal Pradesh,Tawang,Khangteng Slide,,27.50994444,91.85486111,Earth,Slide,2016
1223,ARN/TWNG/78M14/2016/0015,Arunachal Pradesh,Tawang,Khardung slide 2016,,27.561083,91.911528,Debris,Slide,2016
1224,AR/EK/ 83A14/2020-21/31,Arunachal Pradesh,East Kameng,Pakke-Bameng road section slide-10,"Pakke-Bameng road, east of Tara village",27.561111,92.965278,Rock,Slide,NA
1225,AR/EK/ 83A14/2020-21/32,Arunachal Pradesh,East Kameng,Pakke-Chayang Tajo road section slide3,Pakke-Chayang Tajo road,27.562917,92.983139,Debris,Slide,NA
1226,AR/EK/ 83A14/2020-21/11,Arunachal Pradesh,East Kameng,Pakke-Tara road section slide-1,Pakke-Bameng road section,27.563167,92.975139,Rock,Slide,NA
1227,AR/EK/ 83A14/2020-21/12,Arunachal Pradesh,East Kameng,Pakke-Tara road section slide-2,Pakke-Bameng road section,27.566131,92.973072,Debris,Slide,NA
1228,AR/EK/ 83A14/2020-21/13,Arunachal Pradesh,East Kameng,Pakke-Tara road section slide-3,Pakke-Bameng road section,27.566611,92.967639,Debris,Slide,NA
1229,AR/EK/ 83A14/2020-21/06,Arunachal Pradesh,East Kameng,Pachi-Chayang Tajo road section slide1,Pachi-Chayang Tajo road section,27.568028,92.993944,Rock,Slide,NA
1230,AR/EK/ 83A14/2020-21/14,Arunachal Pradesh,East Kameng,Pakke-Tara road section slide-4,Pakke-Bameng road section,27.568778,92.966583,Debris,Slide,NA
1231,AR/EK/ 83A14/2020-21/15,Arunachal Pradesh,East Kameng,Pakke-Tara road section slide-5,Pakke-Bameng road section,27.571111,92.965556,Rock,Slide,NA
1232,AR/EK/ 83A14/2020-21/07,Arunachal Pradesh,East Kameng,Pachi-Chayang Tajo road section slide2,Pachi-Chayang Tajo road section,27.574306,92.999556,Debris,Slide,NA
1233,AR/WKG/78M14/2021/003,Arunachal Pradesh,Tawang,NH 13 Slide 35,NH 13,27.576806,91.993444,Debris,Slide,NA
1234,ARN/TWNG/78M14/2016/0018,Arunachal Pradesh,Tawang,Dumgin Road sinking,,27.579,91.868639,NA,Subsidence,2016
1235,AR/TAW/78M14/2014/22,Arunachal Pradesh,Tawang,NH-13,,27.58006,91.97728,Rock cum Debris,Slide,2013
1236,AR/WKG/78M14/2021/002,Arunachal Pradesh,Tawang,Four Bridge Camp Slide,NH 13,27.583611,91.973056,Debris,Slide,NA
1237,AP/TAW/78M14-SE/2009-10/AR1B,Arunachal Pradesh,Tawang,Tawang Monastery/Arunachal Pradesh,,27.584639,91.860917,Rock cum Debris,,NA
1238,AP/TAW/78M14-SE/2009-10/AR1C,Arunachal Pradesh,Tawang,Tawang Monastery/Arunachal Pradesh,,27.584639,91.860917,Rock cum Debris,,NA
1239,AP/TAW/78M14-SE/2009-10/AR1A,Arunachal Pradesh,Tawang,Tawang Monastery/Arunachal Pradesh,,27.584639,91.860917,Rock cum Debris,,NA
1240,ARN/TWNG/787M14/2016/0021,Arunachal Pradesh,Tawang,Khremithang slide,,27.586694,91.871444,NA,Slide,2016
1241,ARN/TWNG/78M14/2016/0001,Arunachal Pradesh,Tawang,Famla Slide,,27.587417,91.886944,Debris,Slide,22 April 2016
1242,ARN/TWNG/78M14/2016/0002,Arunachal Pradesh,Tawang,Famla Slide,,27.587417,91.886944,NA,Slide,22 April 2016
1243,ARN/TWNG/78M14/2016/0016,Arunachal Pradesh,Tawang,Bomdir Supply Slide (Army),,27.587611,91.894167,Debris,Slide,2016
1244,ARN/TWG/78M14/2016/0028,Arunachal Pradesh,Tawang,Govt. Girl Hr. Sec. School Slide,Locality,27.589,91.873194,Earth,Slide,2016
1245,ARN/TWNG/78M14/2016/0019,Arunachal Pradesh,Tawang,Thongleng Slide,,27.58925,91.795667,Rock cum Debris,Slide,2016
1246,ARN/TWNG/78M14/2016/0022,Arunachal Pradesh,Tawang,New Lebrang slide,,27.589417,91.861444,NA,Slide,23 April 2016
1247,ARN/TWNG/78M14/2016/0007,Arunachal Pradesh,Tawang,"Nyungmadung Slide near 4, 55 Bn. ITBP camp",,27.589889,91.881194,NA,Slide,2016
1248,ARN/TWG/78M14/2016/0029,Arunachal Pradesh,Tawang,New Market Sinking zone,Locality,27.590556,91.867667,Debris,Subsidence,2016
1249,ARN/TWG/78M14/2016/0030,Arunachal Pradesh,Tawang,WRD Slide (North),Locality,27.590639,91.876806,Earth,Slide,2016
1250,ARN/TWG/78M14/2016/0031,Arunachal Pradesh,Tawang,WRD Slide (South),Locality,27.590639,91.876806,Debris,Slide,2016
1251,ARN/TWNG/78M14/2016/0004,Arunachal Pradesh,Tawang,Namet Slide,,27.591389,91.9025,Rock cum Debris,Slide,23 April 2016
1252,AR/WKG/78M14/2021/001,Arunachal Pradesh,Tawang,NH 13 Slide 34,NH 13/ S of Jangda,27.591417,91.973083,Soil,Slide,NA
1253,ARN/TWNG/78M14/2016/0006,Arunachal Pradesh,Tawang,Nyungmadung Slide,,27.591528,91.880444,NA,Flow,2016
1254,ARN/TWNG/78M14/2016/0008,Arunachal Pradesh,Tawang,All India Radio Colony Slide,,27.591806,91.865028,NA,Fall,22 April 2016
1255,ARN/TWNG/78M14/2016/0009,Arunachal Pradesh,Tawang,Rubrang Slide,,27.591833,91.865056,Debris,Flow,2016
1256,ARN/TWNG/78M14/2016/0011,Arunachal Pradesh,Tawang,Topon Colony slide,,27.592639,91.867528,NA,Slide,2016
1257,ARN/TWNG/78M14/2016/0012,Arunachal Pradesh,Tawang,Rubray (Shyo) Slide,,27.592667,91.866222,Debris,Flow,2016
1258,ARN/TWNG/78M14/2016/0010,Arunachal Pradesh,Tawang,D.C. & S. P. Bungalows Slide,,27.593139,91.873889,NA,Slide,22 April 2016
1259,ARN/TWNG/78M14/2016/0023,Arunachal Pradesh,Tawang,Changpu sinking zone,,27.593361,91.879444,NA,Subsidence,23 April 2016
1260,ARN/TWNG/78M14/2016/0013,Arunachal Pradesh,Tawang,Duda Slide (District Urban Development Authority Colony),,27.594833,91.866417,Debris,Slide,22 April 2016
1261,ARN/TWNG/78M14/2016/0014,Arunachal Pradesh,Tawang,MG Road slide,,27.594861,91.866444,NA,Fall,2016
1262,ARN/TWNG/78M14/2016/0003,Arunachal Pradesh,Tawang,Shyinteng slide,,27.595167,91.895444,Debris,Slide,2016
1263,ARN/TWNG/78M14/2016/0005,Arunachal Pradesh,Tawang,Khinmai Monastery slide,,27.596278,91.894333,Debris,Slide,2016
1264,ARN/TWNG/78M14/2016/0024,Arunachal Pradesh,Tawang,SSB Colony slide,,27.596639,91.878972,Debris,Slide,23 April 2016
1265,ARN/TWNG/78M14/2016/0025,Arunachal Pradesh,Tawang,Q.M. Store slide,,27.596639,91.878972,Debris,Slide,23 April 2016
1266,ARN/TWG/78M14/2016/0026,Arunachal Pradesh,Tawang,SSB Workshop (South),Locality,27.599,91.876528,Debris,Slide,2016
1267,ARN/TWG/78M14/2016/0027,Arunachal Pradesh,Tawang,SSB Workshop (North),Locality,27.599806,91.876111,Debris,Slide,2016
1268,AP/LSB/83E14/2021/35,Arunachal Pradesh,Lower Subansiri,Ziro-Raga slide 2,Ziro-Raga,27.62225,93.840778,Debris,Slide,NA
1269,AP/LSB/83E14/2021/34,Arunachal Pradesh,Lower Subansiri,Ziro-Raga slide 1,Ziro-Raga,27.622972,93.841361,Debris,Slide,NA
1270,AP/KRA/83E10/2021/33,Arunachal Pradesh,Kra Daadi,Palin Road slide 2,Palin Road,27.637611,93.637722,Debris,Slide,NA
1271,AP/LSB/83E14/2021/36,Arunachal Pradesh,Lower Subansiri,Ziro-Raga slide 3,Ziro-Raga,27.63825,93.857583,Debris,Slide,NA
1272,AP/LSB/83E14/2021/37,Arunachal Pradesh,Lower Subansiri,Ziro-Raga slide 4,Ziro-Raga,27.649194,93.874,Debris,Slide,NA
1273,AP/KRA/83E10/2021/32,Arunachal Pradesh,Kra Daadi,Palin Road slide 1,Palin Road,27.652167,93.632417,Debris,Slide,NA
1274,AP/LSB/83E14/2021/38,Arunachal Pradesh,Lower Subansiri,13 km North of Ziro,North of Ziro,27.656,93.877472,Soil,Slide,NA
1275,AP/WSG/83I09/2021/118,Arunachal Pradesh,West Siang,Likabali petrol pump slide,Likabali petrol pump,27.662194,94.702667,Debris,Slide,NA
1276,AP/WSG/83I09/2021/117,Arunachal Pradesh,West Siang,Likabali road slide 3,Likabali road,27.664972,94.693861,Debris,Slide,NA
1277,AP/LSB/83E14/2021/40,Arunachal Pradesh,Lower Subansiri,Ziro-Raga slide 2,Ziro-Raga,27.665417,93.892222,Debris,Slide,NA
1278,AP/LSB/83E14/2021/39,Arunachal Pradesh,Lower Subansiri,Ziro-Raga slide 1,Ziro-Raga,27.666556,93.891861,Debris,Slide,NA
1279,AP/KRA/83E10/2021/31,Arunachal Pradesh,Kra Daadi,Palin-Yazuli road slide,Palin-Yazuli road,27.668278,93.629472,Debris,Slide,NA
1280,AP/KRA/83E10/2021/30,Arunachal Pradesh,Kra Daadi,Potin-Ziro road slide,Potin-Ziro road,27.668611,93.63,Debris,Slide,NA
1281,AP/WSG/83I09/2021/116,Arunachal Pradesh,West Siang,Likabali road slide 2,Likabali road,27.683889,94.682444,Rock,Slide,NA
1282,AP/WSG/83I09/2021/115,Arunachal Pradesh,West Siang,Likabali road slide 1,Likabali road,27.688,94.67875,Rock,Slide,NA
1283,AP/WSG/83I09/2021/114,Arunachal Pradesh,West Siang,NE of Likabali Police check-post slide,NE of Likabali Police check-post,27.688583,94.681,Rock,Slide,NA
1284,ARN/KRA/83E10/2017,Arunachal Pradesh,Kra Daadi,Palin landslide,Palin village,27.690111,93.632556,Debris,Slide,2017
1285,AP/WSG/83I09/2021/113,Arunachal Pradesh,West Siang,Magi-Likabali road section slide 2,Magi-Likabali road section,27.703222,94.67275,Rock,Slide,NA
1286,AP/WSG/83I09/2021/112,Arunachal Pradesh,West Siang,Magi-Likabali road section slide 1,Magi-Likabali road section,27.70625,94.673833,Rock,Slide,NA
1287,AP/WSG/83I09/2021/102,Arunachal Pradesh,West Siang,Garu-Siji road section slide 1,Garu-Siji road section,27.720444,94.721528,Rock,Slide,NA
1288,AP/KM/83I01/2021/8,Arunachal Pradesh,Kamle,East of Tamen Suspension Bridge slide 2,E of Tamen bridge,27.751917,94.023472,Debris,Slide,NA
1289,AP/WSG/83I09/2021/111,Arunachal Pradesh,West Siang,Garu-Siji road section slide 9,Garu-Siji road section,27.752611,94.7175,Rock,Slide,NA
1290,AP/KM/83I01/2021/7,Arunachal Pradesh,Kamle,East of Tamen Suspension Bridge slide1,E of Tamen Suspension Bridge,27.754056,94.018528,Debris,Slide,NA
1291,AP/WSG/83I09/2021/110,Arunachal Pradesh,West Siang,Garu-Siji road section slide 8,Garu-Siji road section,27.754806,94.715444,Rock,Slide,NA
1292,AP/KD/83E09/2021/46,Arunachal Pradesh,Kra Daadi,West of Taya slide 1,W of Taya,27.756511,93.417861,Debris,Slide,NA
1293,AP/KD/83E09/2021/45,Arunachal Pradesh,Kra Daadi,West of Taya slide 2,W of Taya,27.756778,93.436761,soil,Slide,NA
1294,AP/WSG/83I09/2021/109,Arunachal Pradesh,West Siang,Siji Camp slide,NE of Siji Camp,27.757417,94.716167,Rock,Slide,NA
1295,AP/LS/83E09/2021/05,Arunachal Pradesh,Lower Subansiri,Tamen slide 2,Near Tamen,27.758611,93.997222,Debris,Slide,NA
1296,AP/KD/83E09/2021/42,Arunachal Pradesh,Kra Daadi,Near Dabo slide 2,Near Dabo,27.758806,93.609167,Debris,Slide,NA
1297,AP/KM/83I01/2021/9,Arunachal Pradesh,Kamle,3km SE of Raga Village slide,SE of Raga Village,27.758889,94.059833,Rock,Slide,NA
1298,AP/KM/83I01/2021/6,Arunachal Pradesh,Kamle,4km S of Raga Village slide,S of Raga Village,27.759361,94.047083,Rock,Slide,NA
1299,AP/WSG/83I09/2021/108,Arunachal Pradesh,West Siang,Garu-Siji road section slide 7,Garu-Siji road section,27.759556,94.712333,Rock,Slide,NA
1300,AP/WSG/83I09/2021/107,Arunachal Pradesh,West Siang,Garu-Siji road section slide 6,Garu-Siji road section,27.760194,94.712278,Rock,Slide,NA
1301,AP/LS/83E09/2021/02,Arunachal Pradesh,Lower Subansiri,Tamen slide 3,Near Tamen,27.760889,93.990806,Debris,Slide,NA
1302,AP/LS/83E09/2021/01,Arunachal Pradesh,Lower Subansiri,Tamen slide 1,Near Tamen,27.760917,93.995583,Rock,Slide,NA
1303,AP/WSG/83I09/2021/106,Arunachal Pradesh,West Siang,Garu-Siji road section slide 5,Garu-Siji road section,27.762,94.712278,Debris,Slide,NA
1304,AP/KD/83E09/2021/41,Arunachal Pradesh,Kra Daadi,Near Dabo slide 1,Near Dabo,27.763444,93.608278,Debris,Slide,NA
1305,AP/LS/83E09/2021/03,Arunachal Pradesh,Lower Subansiri,Tamen slide 4,Near Tamen,27.763722,93.992333,Debris,Slide,NA
1306,AP/KD/83E09/2021/40,Arunachal Pradesh,Kra Daadi,Upper Mer slide 3,W of Upper Mer,27.772194,93.59325,Debris,Slide,NA
1307,AP/LS/83E09/2021/04,Arunachal Pradesh,Lower Subansiri,Tamen slide 5,Near Tamen,27.773556,93.969778,Debris,Slide,NA
1308,AP/KD/83E09/2021/39,Arunachal Pradesh,Kra Daadi,Upper Mer slide 4,Upper Mer,27.773847,93.595528,Debris,Slide,NA
1309,AP/WSG/83I09/2021/105,Arunachal Pradesh,West Siang,Garu-Siji road section slide 4,Garu-Siji road section,27.773972,94.7135,Rock,Slide,NA
1310,AP/WSG/83I09/2021/104,Arunachal Pradesh,West Siang,Garu-Siji road section slide 3,Garu-Siji road section,27.777278,94.715583,Debris,Slide,NA
1311,AP/KD/83E09/2021/44,Arunachal Pradesh,Kra Daadi,Near Pitak slide 1,Near Pitak,27.78,93.456231,Debris,Slide,NA
1312,AP/KD/83E09/2021/43,Arunachal Pradesh,Kra Daadi,Near Pitak slide 2,Near Pitak,27.781792,93.477942,Debris,Slide,NA
1313,AP/KK/83E09/2021/36,Arunachal Pradesh,Kurung Kumey,Lower Gida slide,Lower Gida,27.782139,93.546139,Debris,Slide,NA
1314,AP/KD/83E09/2021/38,Arunachal Pradesh,Kra Daadi,Upper Mer slide 1,N of Upper Mer,27.783667,93.600806,Debris,Slide,NA
1315,AP/WSG/83I09/2021/103,Arunachal Pradesh,West Siang,Garu-Siji road section slide 2,Garu-Siji road section,27.786833,94.720111,Rock,Slide,NA
1316,AP/WSG/83I09/2021/101,Arunachal Pradesh,West Siang,Siji Camp slide,NE of Siji Camp,27.788194,94.724194,Rock,Slide,NA
1317,AP/KK/83E09/2021/34,Arunachal Pradesh,Kurung Kumey,Powak Korar slide,Powak Korar,27.788389,93.526528,Debris,Slide,NA
1318,AP/KK/83E09/2021/35,Arunachal Pradesh,Kurung Kumey,Sangme slide,Sangme,27.788639,93.539667,Debris,Slide,NA
1319,AR/LS/83I13/2022/102,Arunachal Pradesh,Lower Siang,Old Deka village Slide 1,Old Deka road,27.790489,94.958147,Debris,Slide,NA
1320,AR/LS/83I13/2022/103,Arunachal Pradesh,Upper Siang,Old Deka village Slide 2,Old Deka road,27.793761,94.959097,Debris,Slide,NA
1321,AP/WSG/83I09/2021/100,Arunachal Pradesh,West Siang,Garu-Siji road section slide 1,Garu-Siji road section,27.793917,94.728806,Rock,Slide,NA
1322,AP/WSG/83I09/2021/99,Arunachal Pradesh,West Siang,Garo- Basar road slide 7,Garo-Basar road section,27.794333,94.73075,Rock,Slide,NA
1323,AP/KD/83E09/2021/37,Arunachal Pradesh,Kra Daadi,Upper Mer slide 2,N of Upper Mer,27.794583,93.597306,Debris,Slide,NA
1324,AP/WSG/83I09/2021/98,Arunachal Pradesh,West Siang,Garo- Basar road slide 6,Garo-Basar road section,27.797389,94.735333,Rock,Slide,NA
1325,AP/US/83E09/2021/06,Arunachal Pradesh,Upper Subansiri,Belo village slide,Belo village,27.797806,93.96175,Debris,Slide,NA
1326,AP/KK/83E09/2021/33,Arunachal Pradesh,Kurung Kumey,Tachek slide,Tachek,27.801194,93.541944,Debris,Slide,NA
1327,AP/KK/83E09/2021/32,Arunachal Pradesh,Kurung Kumey,Byasi village slide 1,Byasi village,27.801194,93.541667,Debris,Slide,NA
1328,AP/KK/83E09/2021/31,Arunachal Pradesh,Kurung Kumey,Byasi village slide 2,Byasi village,27.803972,93.543083,Debris,Slide,NA
1329,AP/WSG/83I09/2021/97,Arunachal Pradesh,West Siang,Garo- Basar road slide 5,Garo-Basar road section,27.804361,94.715056,Rock,Slide,NA
1330,AP/WSG/83I09/2021/96,Arunachal Pradesh,West Siang,Ego- Basar road slide 2,Ego-Basar road section,27.804944,94.719861,Rock,Slide,NA
1331,AP/KM/83I01/2021/3,Arunachal Pradesh,Kamle,Hardampo slide,Hardampo,27.813833,94.134333,Debris,Slide,NA
1332,AP/KK/83E09/2021/18,Arunachal Pradesh,Kurung Kumey,Rowa village slide,Near Rowa village,27.814806,93.521,Rock,Slide,NA
1333,AP/KM/83I01/2021/4,Arunachal Pradesh,Kamle,Orokem slide,Orokem,27.81975,94.138722,Debris,Slide,NA
1334,AP/US/83E09/2021/17,Arunachal Pradesh,Upper Subansiri,Gangte village slide,Gangte village,27.81975,93.945556,Debris,Slide,NA
1335,AP/WSG/83I09/2021/94,Arunachal Pradesh,West Siang,Garo- Basar road slide 4,Garo-Basar road section,27.821278,94.730278,Debris,Slide,NA
1336,AP/KM/83I01/2021/1,Arunachal Pradesh,Kamle,4km NE of Raga slide,NE of Raga,27.821861,94.104806,Debris,Slide,NA
1337,AP/WSG/83I09/2021/95,Arunachal Pradesh,West Siang,Ego- Basar road slide 1,Ego-Basar road section,27.821889,94.730417,Debris,Slide,NA
1338,AP/KM/83I01/2021/2,Arunachal Pradesh,Kamle,Kemlico slide,Kemlico,27.822556,94.135417,Debris,Slide,NA
1339,AP/WSG/83I09/2021/93,Arunachal Pradesh,West Siang,Garo- Basar road slide 3,Garo-Basar road section,27.823139,94.732972,Debris,Slide,NA
1340,AP/WSG/83I09/2021/92,Arunachal Pradesh,West Siang,Garo- Basar road slide 2,Garo-Basar road section,27.824889,94.739556,Debris,Slide,NA
1341,AP/WSG/83I09/2021/91,Arunachal Pradesh,West Siang,Garo- Basar road slide 1,Garo-Basar road section,27.825694,94.747,Rock,Slide,NA
1342,AP/US/83E09/2021/11,Arunachal Pradesh,Upper Subansiri,Radum village slide 2,Radum village,27.827472,93.972556,Debris,Slide,NA
1343,AP/US/83E09/2021/10,Arunachal Pradesh,Upper Subansiri,Radum village slide 1,Radum village,27.827806,93.972167,Debris,Slide,NA
1344,AP/LS/83E09/2021/09,Arunachal Pradesh,Lower Subansiri,Riaga slide 2,Near Riaga,27.82925,93.911194,Debris,Slide,NA
1345,AP/KM/83I01/2021/5,Arunachal Pradesh,Kamle,2km NW of Godak Village slide,NW of Godak Village,27.8305,94.157444,Rock,Fall,NA
1346,AP/LS/83E09/2021/08,Arunachal Pradesh,Lower Subansiri,Riaga slide 1,Near Riaga,27.830944,93.917028,soil,Slide,NA
1347,AP/KK/83E09/2021/19,Arunachal Pradesh,Kurung Kumey,Nibi village slide,Nibi village,27.83275,93.504417,Debris,Slide,NA
1348,AP/US/83E09/2021/12,Arunachal Pradesh,Upper Subansiri,Hebang village slide,Hebang village,27.833306,93.978611,Debris,Slide,NA
1349,AR/WS/82I13/2022/092,Arunachal Pradesh,West Siang,Likabali-Aalo road Slide 1,Silapathar- Rilu road,27.834083,94.768972,Debris,Slide,NA
1350,AP/LS/83E09/2021/07,Arunachal Pradesh,Lower Subansiri,Baring village slide,Baring village,27.8345,93.933694,Debris,Slide,NA
1351,AP/US/83E09/2021/13,Arunachal Pradesh,Upper Subansiri,Luba village slide 3,Luba village,27.83875,93.977278,Debris,Slide,NA
1352,AP/US/83E09/2021/14,Arunachal Pradesh,Upper Subansiri,Luba village slide 2,Luba village,27.83975,93.977444,Debris,Slide,NA
1353,AR/WS/83I13/2022/091,Arunachal Pradesh,West Siang,S of Rilu village Slide,Near Rilu village,27.839817,94.778642,Debris,Slide,NA
1354,AP/US/83E09/2021/15,Arunachal Pradesh,Upper Subansiri,Luba village slide 4,Luba village,27.840167,93.980861,Debris,Slide,NA
1355,AR/WS/82I13/2022/093,Arunachal Pradesh,West Siang,Likabali-Aalo road Slide 2,Silapathar- Basar road,27.840972,94.771167,Debris,Slide,NA
1356,AP/US/83E09/2021/16,Arunachal Pradesh,Upper Subansiri,Luba village slide 1,Luba village,27.844444,93.973944,Debris,Slide,NA
1357,AR/WS/83I13/2022/094,Arunachal Pradesh,West Siang,Likabali-Aalo road Slide 3,Silapathar- Basar road,27.847111,94.783139,Debris,Slide,NA
1358,AP/KK/83E09/2021/30,Arunachal Pradesh,Kurung Kumey,New Dillang slide,Dillang new,27.854583,93.484722,Debris,Slide,NA
1359,AR/WS/83I13/2022/096,Arunachal Pradesh,West Siang,Likabali-Aalo road Slide 5,Likabali-Aalo road,27.858889,94.78875,Debris,Slide,NA
1360,AR/WS/83I13/2022/097,Arunachal Pradesh,West Siang,Likabali-Aalo road Slide 6,Likabali-Aalo road,27.858972,94.783917,Debris,Slide,NA
1361,AR/WS/83I13/2022/095,Arunachal Pradesh,West Siang,Likabali-Aalo road Slide 4,Likabali-Aalo road,27.859444,94.789222,Rock,Slide,NA
1362,AP/KK/83E09/2021/20,Arunachal Pradesh,Kurung Kumey,Relung New camp slide 2,Relung New camp,27.863722,93.473389,Debris,Slide,NA
1363,AP/KK/83E09/2021/21,Arunachal Pradesh,Kurung Kumey,Relung New camp slide 1,NW of Relung New camp,27.866083,93.467306,Debris,Slide,NA
1364,AP/KK/83E09/2021/22,Arunachal Pradesh,Kurung Kumey,Nainital Kathgodam slide,Nainital Kathgodam,27.86775,93.465861,Debris,Slide,NA
1365,AR/WS/83I13/2022/098,Arunachal Pradesh,West Siang,Likabali-Aalo road Slide 7,Likabali-Aalo road,27.868667,94.787083,Rock,Slide,NA
1366,AR/WS/83I13/2022/099,Arunachal Pradesh,West Siang,S of Daring Slide,Daring road,27.870361,94.817861,Debris,Slide,NA
1367,AP/KK/83E09/2021/23,Arunachal Pradesh,Kurung Kumey,Kele Village slide 3,Kele Village,27.872722,93.456306,Debris,Slide,NA
1368,AP/KK/83E09/2021/24,Arunachal Pradesh,Kurung Kumey,Kele Village slide 2,Kele Village,27.874667,93.452917,Debris,Slide,NA
1369,AR/LOH/92A05/2014/05,Arunachal Pradesh,Lohit,NH 52,,27.87469,96.35986,Rock,Slide,May 2014
1370,AR/LOH/92A05/2014/01,Arunachal Pradesh,Lohit,NH 52,,27.87825,96.36614,Rock,Fall,May 2014
1371,AP/KK/83E09/2021/29,Arunachal Pradesh,Kurung Kumey,Kele village slide 1,NW of Kele village,27.882056,93.444333,Debris,Slide,NA
1372,AR/LOH/92A05/2014/02,Arunachal Pradesh,Lohit,NH 52,,27.89311,96.36336,Rock,Fall,May 2014
1373,AR/WS/83I13/2022/100,Arunachal Pradesh,West Siang,NE of Daring Slide 1,Daring road,27.893389,94.842194,Soil,Slide,NA
1374,AR/WS/83I13/2022/101,Arunachal Pradesh,West Siang,NE of Daring Slide 2,Daring road,27.897361,94.844111,Rock,Slide,NA
1375,AP/KK/83E09/2021/26,Arunachal Pradesh,Kurung Kumey,Koloriang slide 4,East of Koloriang,27.897722,93.406306,Debris,Slide,NA
1376,AP/KK/83E09/2021/25,Arunachal Pradesh,Kurung Kumey,Koloriang slide 3,East of Koloriang,27.898806,93.408444,Debris,Slide,NA
1377,AP/KK/83E09/2021/28,Arunachal Pradesh,Kurung Kumey,Koloriang slide 1,Near Koloriang,27.903389,93.370361,Debris,Slide,NA
1378,AP/KK/83E09/2021/27,Arunachal Pradesh,Kurung Kumey,Koloriang slide 2,Near Koloriang,27.903417,93.371722,Debris,Slide,NA
1379,AR/LOH/92A05/2014/03,Arunachal Pradesh,Lohit,NH 52,,27.90417,96.35869,Rock cum Debris,Slide,May 2014
1380,AR/ANJ/92A05/2014/21,Arunachal Pradesh,Lohit,NH-52,,27.90467,96.35917,Rock,Slide,2013
1381,AR/ANJ/92A05/2014/19,Arunachal Pradesh,Lohit,NH-52,,27.90475,96.34811,Debris,Fall,2013
1382,AR/LOH/92A05/2014/04,Arunachal Pradesh,Lohit,NH 52,,27.90581,96.35933,Rock,Fall,May 2014
1383,AR/ANJ/92A05/2014/20,Arunachal Pradesh,Lohit,NH-52,,27.90664,96.35964,Rock,Slide,2013
1384,AR/LOH/92A05/2014/06,Arunachal Pradesh,Lohit,NH 52,,27.90772,96.34517,Rock,Fall,May 2014
1385,AR/LOH/92A05/2014/52,Arunachal Pradesh,Lohit,NH-52,,27.90814,96.36028,Rock,Slide,2013
1386,AP/LEP/83I09/2021/88,Arunachal Pradesh,Lepa rada,Ego-Yamin Basar road slide 1,Ego-Yamin Basar road section,27.909278,94.736111,Debris,Slide,NA
1387,AP/LEP/83I09/2021/90,Arunachal Pradesh,Lepa rada,Ego-Yamin Basar road slide 3,Ego-Yamin Basar road section,27.910417,94.739528,Debris,Slide,NA
1388,AR/ANJ/92A05/2014/18,Arunachal Pradesh,Lohit,Tohangam-Hayuliang Road,,27.91164,96.34269,Rock cum Debris,Slide,May 2014
1389,AP/LEP/83I09/2021/79,Arunachal Pradesh,Lepa rada,Garo- Basar road section slide 1,Garo to Basar road,27.912806,94.726972,Rock,Slide,NA
1390,AP/LEP/83I09/2021/89,Arunachal Pradesh,Lepa rada,Ego-Yamin Basar road slide 2,Ego-Yamin Basar road section,27.913333,94.737472,Debris,Slide,NA
1391,AP/LEP/83I09/2021/87,Arunachal Pradesh,Lepa rada,Kamdak-Basar road slide,Kamdak-Basar road section,27.914944,94.721806,Rock,Slide,NA
1392,AR/LOH/92A05/2014/50,Arunachal Pradesh,Lohit,NH-52,,27.91636,96.33392,Rock,Fall,2013
1393,AR/LOH/92A05/2014/49,Arunachal Pradesh,Lohit,NH-52,,27.91647,96.33161,Rock,Slide,2013
1394,AR/LOH/92A05/2014/51,Arunachal Pradesh,Lohit,NH-52,,27.91669,96.33833,Rock cum Debris,Slide,2013
1395,AR/LOH/92A05/2014/07,Arunachal Pradesh,Lohit,Tohangam-Hayuliang Road,,27.91886,96.33156,Rock,Slide,May 2014
1396,AR/LOH/92A05/2014/24,Arunachal Pradesh,Lohit,Tezu-Hayuliang road,,27.91897,96.33108,Rock,Slide,2013
1397,AP/LEP/83I09/2021/86,Arunachal Pradesh,Lepa rada,Pagi-Basar road slide,Pagi- Basar road section,27.933611,94.703472,Rock,Slide,NA
1398,AP/LEP/83I09/2021/85,Arunachal Pradesh,Lepa rada,Garo- Basar road section slide 5,Garo- Basar road section,27.937861,94.702139,Rock,Slide,NA
1399,AP/LEP/83I09/2021/84,Arunachal Pradesh,Lepa rada,Garo- Basar road section slide 4,Garo- Basar road section,27.938056,94.700306,Rock,Slide,NA
1400,AR/LOH/92A05/2014/08,Arunachal Pradesh,Lohit,Tohangam-Hayuliang Road,,27.93967,96.38097,Debris,Slide,May 2014
1401,AR/LOH/92A05/2014/13,Arunachal Pradesh,Lohit,Lalpani slide,Tezu-Hayuliang road,27.94083,96.38161,Rock cum Debris,Subsidence,2013
1402,AP/LEP/83I09/2021/83,Arunachal Pradesh,Lepa rada,Garo- Basar road section slide 3,Garo- Basar road section,27.94175,94.695694,Rock,Slide,NA
1403,AP/LEP/83I09/2021/82,Arunachal Pradesh,Lepa rada,Garo- Basar road section slide 2,Garo- Basar road section,27.942917,94.694528,Rock,Slide,NA
1404,AR/LD/82P04/2022/033,Arunachal Pradesh,Lower dibang valley,West of Ledum Slide 1,Naer to Ledum village,27.944389,95.117586,Rock,Slide,NA
1405,AP/LEP/83I09/2021/81,Arunachal Pradesh,Lepa rada,Garo- Basar road section slide 1,Garo- Basar road section,27.944444,94.692528,Rock,Slide,NA
1406,AR/LOH/92A05/2014/12,Arunachal Pradesh,Lohit,52 km slide,Tezu-Hayuliang road,27.94903,96.39158,Rock,Slide and topple,2013
1407,AR/LD/82P04/2022/034,Arunachal Pradesh,Lower dibang valley,West of Ledum Slide 2,Naer to Ledum village,27.951306,95.074056,Debris,slide,NA
1408,AR/LOH/92A05/2014/10,Arunachal Pradesh,Lohit,Tohangam-Hayuliang Road,,27.95603,96.40267,Debris,Slide,May 2014
1409,AR/LOH/92A05/2014/09,Arunachal Pradesh,Lohit,Tohangam-Hayuliang Road,,27.95672,96.39697,Debris,Slide,May 2014
1410,AP/LEP/83I09/2021/80,Arunachal Pradesh,Lepa rada,"Rete Potu, towards Basar","Rete Potu, towards Basar",27.957306,94.68625,Rock,Slide,NA
1411,AR/LOH/92A05/2014/21,Arunachal Pradesh,Lohit,Tohangam-Hayuliang Road,,27.95964,96.40178,Debris,Flow,May 2014
1412,AR/LOH/92A05/2014/20,Arunachal Pradesh,Lohit,Tohangam-Hayuliang Road,,27.96325,96.40097,Debris,Slide,May 2014
1413,AP/US/83I01/2021/12,Arunachal Pradesh,Upper Subansiri,4km NE of Daporijo town slide,NE of Daporijo town,27.965819,94.293672,Debris,Slide,NA
1414,AR/LOH/92A05/2014/25,Arunachal Pradesh,Lohit,Tezu-Hayuliang road,,27.96756,96.40189,Rock,Slide,2013
1415,AR/LOH/92A05/2014/11,Arunachal Pradesh,Lohit,Arrowa-Tidding Bridge,Tezu-Hayuliang road,27.96756,96.40214,Rock cum Debris,Slide,2013
1416,AR/LOH/92A05/2014/19,Arunachal Pradesh,Lohit,Tohangam-Hayuliang Road (at Tidding bridge),,27.968,96.39822,Debris,Flow,May 2014
1417,AP/SU/83I01/2021/13,Arunachal Pradesh,Shi-Yomi,Mechuka town slide 1,Near Mechuka town,27.979306,94.228528,Debris,Slide,NA
1418,AR/ANJ/92A05/2014/55,Arunachal Pradesh,Anjaw,Tezu-Hayuliang road,,27.98333,96.40433,Debris,Slide,2012
1419,AR/ANJ/92A05/2014/54,Arunachal Pradesh,Anjaw,Tezu-Hayuliang road,,27.98728,96.41208,Debris,Slide,2013
1420,AR/ANJ/92A05/2014/18,Arunachal Pradesh,Anjaw,Tohangam-Hayuliang Road,,27.98747,96.41133,Debris,Flow,May 2014
1421,AR/LPD/82L12/2021/09,Arunachal Pradesh,Lepa rada,Tai-Daporijo Road Slide,Tai-Daporijo Road,27.995889,94.525941,Rock-cum-Debris,Slide,NA
1422,AP/US/83I01/2021/10,Arunachal Pradesh,Upper Subansiri,2km E of Daporijo slide,E of Daporijo,28.003861,94.201944,Debris,Slide,NA
1423,AP/US/83I01/2021/11,Arunachal Pradesh,Upper Subansiri,2.2 km E of Daporijo town slide,E of Daporijo town,28.005389,94.201306,Debris,Slide,NA
1424,AR/ANJ/91D08/2014/17,Arunachal Pradesh,Anjaw,Tohangam-Hayuliang Road,,28.00611,96.42872,Debris,Slide,May 2014
1425,AR/US/82P04/2022/013,Arunachal Pradesh,Upper Siang,Yagrung village Slide 1,Yagrung village,28.013167,95.239333,soil,slide,NA
1426,AR/LPD/82L12/2021/02,Arunachal Pradesh,Lepa rada,Tirbin-Tai Road slide,South of Tirbin-Tai Road,28.013577,94.568456,Debris,Slide,NA
1427,AR/LPD/82L12/2021/01,Arunachal Pradesh,Lepa rada,Tirbin-Tai Road slide,South of Tirbin-Tai Road,28.014765,94.569467,Debris,Slide,NA
1428,AR/ANJ/91D08/2014/15,Arunachal Pradesh,Anjaw,78 km slide,Tezu-Hayuliang road,28.01661,96.44172,Rock cum Debris,Complex,2013
1429,AR/ANJ/91D08/2014/16,Arunachal Pradesh,Anjaw,Tohangam-Hayuliang Road,,28.01781,96.44275,Debris,Slide,May 2014
1430,AR/ANJ/91D08/2014/24,Arunachal Pradesh,Anjaw,Tohangam-Hayuliang Road,,28.01992,96.443,Rock,Slide,May 2014
1431,AR/WSI/82L12/2021/10,Arunachal Pradesh,West Siang,Tai-Liromoba Road Slide,Tai-Liromoba Road,28.021678,94.536256,Rock-cum-Debris,Slide,NA
1432,AR/WSI/82L12/2021/11,Arunachal Pradesh,West Siang,Daba Gamlin - Yomcha road slide,Daba Gamlin-Yomcha Road,28.022249,94.535672,Rock-cum-Debris,Slide,NA
1433,AP/AW/91D8/2022/103,Arunachal Pradesh,Anjaw,From Khupa/ KVK Anjaw 16.6 kms along NH-13 towards Tezu,NH-13 (Anjaw-Tezu road),28.022471,96.440489,Debris,Slide,NA
1434,AR/LPD/82L12/2021/03,Arunachal Pradesh,Lepa rada,Tirbin Slide,Within Tirbin Township,28.022667,94.574294,Debris,Slide,NA
1435,AP/AW/91D8/2022/104,Arunachal Pradesh,Anjaw,From Khupa/ KVK Anjaw 16.4 kms along NH-13 towards Tezu,NH-13 (Anjaw-Tezu road),28.023491,96.440972,Debris,Slide,NA
1436,AR/LPD/82L12/2021/04,Arunachal Pradesh,Lepa rada,Tirbin -Basar Road Slide,Tirbin-Basar Road,28.024169,94.582184,Debris,Slide,NA
1437,AR/LPD/82L12/2021/05,Arunachal Pradesh,Lepa rada,Tirbin-Tai Road slide,Tirbin-Tai Road,28.024691,94.553634,Debris,Slide,NA
1438,AP/E-Siang/82P8/2022/LS46,Arunachal Pradesh,East Siang,LS-46,"NH-13, Komlighat-Pasighat",28.025611,95.271179,Debris,Slide,NA
1439,AR/LPD/82L12/2021/06,Arunachal Pradesh,Lepa rada,Tirbin-Basar Road Slide,Tirbin-Basar Road,28.026515,94.590918,Debris,Slide,NA
1440,AR/LPD/82L12/2021/07,Arunachal Pradesh,Lepa rada,Tirbin-Basar Road Slide,Tirbin-Basar Road,28.026733,94.593471,Debris,Slide,NA
1441,AR/LPD/82L12/2021/08,Arunachal Pradesh,Lepa rada,Tirbin-Basar Road Slide,Tirbin-Basar Road,28.029848,94.616455,Debris,Slide,NA
1442,AR/ES/82P04/2022/014,Arunachal Pradesh,East Siang,Yagrung village Slide 2,Yagrung village,28.033278,95.235383,Debris,Flow,NA
1443,AR/ANJ/91D08/2014/15,Arunachal Pradesh,Anjaw,78 km slide,Tezu-Hayuliang road,28.05939,96.48397,Debris,Slide,2014
1444,AR/LOH/91D08/2014/01,Arunachal Pradesh,Lohit,88 km Slide,HMC road,28.05989,96.46281,Debris,Slide,2013
1445,AP/LOH/91D08/2014/01,Arunachal Pradesh,Lohit,88 km Slide,HMC road,28.05989,96.46281,Debris,Slide,2013
1446,AR/ANJ/91D08/2014/14,Arunachal Pradesh,Anjaw,Tohangam-Hayuliang Road,,28.05997,96.48664,Debris,Slide,May 2014
1447,AR/ANJ/91D08/2014/16,Arunachal Pradesh,Anjaw,Tohangam-Hayuliang Road,,28.06006,96.44636,Debris,Slide,May 2014
1448,AR/ANJ/91D08/2014/13,Arunachal Pradesh,Anjaw,Tohangam-Hayuliang Road,,28.06131,96.49256,Debris,Slide,May 2014
1449,AR/ANJ/91D08/2014/12,Arunachal Pradesh,Anjaw,Tohangam-Hayuliang Road,,28.06244,96.49775,Debris,Slide,May 2014
1450,AR/ANJ/91D08/2014/11,Arunachal Pradesh,Anjaw,Tohangam-Hayuliang road,,28.063,96.49914,Debris,Slide,May 2014
1451,AR/ANJ/91D12/2014/53,Arunachal Pradesh,Anjaw,Khupapolice check gate,Tezu-Hayuliang road,28.06356,96.50075,Debris,Slide,2012
1452,AR/ANJ/91D12/2014/22,Arunachal Pradesh,Anjaw,Tohangam-Hayuliang Road,,28.06964,96.50025,Rock,Slide,May 2014
1453,AP/AW/91D8/2022/100,Arunachal Pradesh,Anjaw,From Khupa/ KVK Anjaw 3.85 kms along HMH road towards Hunli,Hunli-Metengliang-Hayuliang (HMH) road,28.079818,96.46838,Debris,Slide,NA
1454,AR/ANJ/91D12/2014/02,Arunachal Pradesh,Anjaw,Hayuliang Slide,HMC road,28.08014,96.52356,Debris,Topple,2013
1455,AP/AW/91D8/2022/101,Arunachal Pradesh,Anjaw,From Khupa/ KVK Anjaw 3 kms along HMH road towards Hunli,Hunli-Metengliang-Hayuliang (HMH) road,28.080151,96.472541,Debris,Slide,NA
1456,AR/ANJ/91D12/2014/10,Arunachal Pradesh,Anjaw,9 JAK Camp slide,Hayuliang-Wallong road,28.08019,96.54483,Debris,Flow,2013
1457,AP/AW/91D8/2022/102,Arunachal Pradesh,Anjaw,From Khupa/ KVK Anjaw 3.2 kms along HMH road towards Hunli,Hunli-Metengliang-Hayuliang (HMH) road,28.080301,96.472247,Debris,Slide,NA
1458,AR/ANJ/91D12/2014/23,Arunachal Pradesh,Anjaw,Tohangam-Hayuliang Road,,28.08061,96.51294,Rock,Fall,May 2014
1459,AP/AW/91D8/2022/98,Arunachal Pradesh,Anjaw,From Khupa/ KVK Anjaw 4.52 kms along HMH road towards Hunli,Hunli-Metengliang-Hayuliang (HMH) road,28.082576,96.464869,Debris,Slide,NA
1460,AP/AW/91D8/2022/99,Arunachal Pradesh,Anjaw,From Khupa/ KVK Anjaw 4.4 kms along HMH road towards Hunli,Hunli-Metengliang-Hayuliang (HMH) road,28.082618,96.465189,Rock,Slide,NA
1461,AP/AW/91D8/2022/97,Arunachal Pradesh,Anjaw,From Khupa/ KVK Anjaw 4.9 kms along HMH road towards Hunli,Hunli-Metengliang-Hayuliang (HMH) road,28.083417,96.461433,Rock,Slide,NA
1462,AP/AW/91D8/2022/96,Arunachal Pradesh,Anjaw,From Khupa/ KVK Anjaw 5.1 kms along HMH road towards Hunli,Hunli-Metengliang-Hayuliang (HMH) road,28.084252,96.459672,Debris,Slide,NA
1463,AP/AW/91D8/2022/95,Arunachal Pradesh,Anjaw,From Khupa/ KVK Anjaw 5.7 kms along HMH road towards Hunli,Hunli-Metengliang-Hayuliang (HMH) road,28.088159,96.458999,Rock,Slide,NA
1464,AP/AW/91D8/2022/94,Arunachal Pradesh,Anjaw,From Khupa/ KVK Anjaw 6 kms along HMH road towards Hunli,Hunli-Metengliang-Hayuliang (HMH) road,28.089549,96.457818,Debris,Slide,NA
1465,AP/AW/91D8/2022/93,Arunachal Pradesh,Anjaw,From Khupa/ KVK Anjaw 6.5 kms along HMH road towards Hunli,Hunli-Metengliang-Hayuliang (HMH) road,28.090087,96.454067,Debris,Slide,NA
1466,AP/AW/91D8/2022/92,Arunachal Pradesh,Anjaw,From Khupa/ KVK Anjaw 6.7 kms along HMH road towards Hunli,Hunli-Metengliang-Hayuliang (HMH) road,28.0907,96.45238,Debris,Slide,NA
1467,AR/ANJ/93D12/2014/48,Arunachal Pradesh,Anjaw,Road from Hayuliang to Hamaliang,,28.09311,96.53622,Rock,Slide,2012
1468,AP/E-Siang/82P8/2021/LS1,Arunachal Pradesh,East Siang,LS-1,North west of Pasighat Lenging Village (NH-13),28.093514,95.272526,Earth,Slide,NA
1469,AP/E-Siang/82P8/2022/LS47,Arunachal Pradesh,East Siang,Rengging Slide,"NH-13, Rengging Slide",28.094144,95.282568,Earth,Slide,NA
1470,AP/AW/91D8/2022/91,Arunachal Pradesh,Anjaw,From Khupa/ KVK Anjaw 8.1 kms along HMH road towards Hunli,Hunli-Metengliang-Hayuliang (HMH) road,28.094359,96.453058,Rock,Slide,NA
1471,AP/AW/91D8/2022/90,Arunachal Pradesh,Anjaw,From Khupa/ KVK Anjaw 8.4 kms along HMH road towards Hunli,Hunli-Metengliang-Hayuliang (HMH) road,28.095602,96.453246,Rock,Slide,NA
1472,AP/E-Siang/82P8/2022/LS48,Arunachal Pradesh,East Siang,Rengging Slide,"NH-13, towards Rengging village",28.095632,95.281371,Earth,Slide,NA
1473,AP/E-Siang/82P8/2021/LS2,Arunachal Pradesh,East Siang,Legging Slide,Towards Legging Village (NH-13),28.097043,95.274751,Debris,Slide,NA
1474,AP/E-Siang/82P8/2021/LS3,Arunachal Pradesh,East Siang,LS-3,NW of LS-2 (400 m),28.097163,95.270824,Rock,Wedge failure,NA
1475,AP/E-Siang/82P8/2022/LS49,Arunachal Pradesh,East Siang,Rengging Slide,"NH-13, Rengging Slide",28.097285,95.28003,Debris,Slide,NA
1476,AP/E-Siang/82P8/2021/LS4,Arunachal Pradesh,East Siang,LS-4,LS-4,28.099376,95.27268,Rock,Wedge failure,NA
1477,AP/E-Siang/82P8/2021/LS6,Arunachal Pradesh,East Siang,LS-6,NH-13,28.099647,95.28567,Debris,Slide,NA
1478,AP/E-Siang/82P8/2021/LS5,Arunachal Pradesh,East Siang,LS-5,Rengging Landslide,28.099657,95.287831,Debris,Slide,NA
1479,AP/E-Siang/82P8/2021/LS7,Arunachal Pradesh,East Siang,LS-7,NH-13,28.099705,95.284891,Debris,Slide,NA
1480,AP/E-Siang/82P8/2021/LS8,Arunachal Pradesh,East Siang,LS-8,"Rengging, NH-13",28.099858,95.282975,Debris,Slide,NA
1481,AP/AW/91D8/2022/88,Arunachal Pradesh,Anjaw,From Khupa/ KVK Anjaw 10.45 kms along HMH road towards Hunli,Hunli-Metengliang-Hayuliang (HMH) road,28.100244,96.448173,Rock,Slide,NA
1482,AP/AW/91D8/2022/89,Arunachal Pradesh,Anjaw,From Khupa/ KVK Anjaw 10.6 kms along HMH road towards Hunli,Hunli-Metengliang-Hayuliang (HMH) road,28.100284,96.449538,Rock,Slide,NA
1483,AP/AW/91D8/2022/87,Arunachal Pradesh,Anjaw,From Khupa/ KVK Anjaw 11.3 kms along HMH road towards Hunli,Hunli-Metengliang-Hayuliang (HMH) road,28.100914,96.449162,Debris,Slide,NA
1484,AP/E-Siang/82P8/2021/LS9,Arunachal Pradesh,East Siang,"Rengging Slide, LS-9",NH-13,28.101031,95.282364,Debris,Slide,NA
1485,AP/E-Siang/82P8/2021/LS10,Arunachal Pradesh,East Siang,"Rengging Slide, LS-10",NH-13,28.101692,95.271861,Debris,Slide,NA
1486,AP/AW/91D8/2022/86,Arunachal Pradesh,Anjaw,From Khupa/ KVK Anjaw 11.5 kms along HMH road towards Hunli,Hunli-Metengliang-Hayuliang (HMH) road,28.102005,96.448473,Debris,Slide,NA
1487,AP/E-Siang/82P8/2021/LS11,Arunachal Pradesh,East Siang,LS-11,"Mebo to Jeru road, NH-513,",28.103902,95.27946,Debris,Slide,NA
1488,AP/AW/91D8/2022/85,Arunachal Pradesh,Anjaw,From Khupa/ KVK Anjaw 12 kms along HMH road towards Hunli,Hunli-Metengliang-Hayuliang (HMH) road,28.105572,96.447685,Rock,Slide,NA
1489,AP/AW/91D8/2022/84,Arunachal Pradesh,Anjaw,From Khupa/ KVK Anjaw 12.1 kms along HMH road towards Hunli,Hunli-Metengliang-Hayuliang (HMH) road,28.105952,96.447724,Rock,Slide,NA
1490,AP/AW/91D8/2022/83,Arunachal Pradesh,Anjaw,From Khupa/ KVK Anjaw 12.2 kms along HMH road towards Hunli,Hunli-Metengliang-Hayuliang (HMH) road,28.106321,96.447245,Debris,Slide,NA
1491,AP/E-Siang/82P8/2021/LS12,Arunachal Pradesh,East Siang,LS-12,"Towards Takilalung, NH-513",28.106358,95.268592,Earth,Slide,NA
1492,AR/ANJ/91D12/2014/03,Arunachal Pradesh,Anjaw,3.5 km slide,HMC road,28.10714,96.54489,Rock,Fall,2013
1493,AP/E-Siang/82P8/2021/LS13,Arunachal Pradesh,East Siang,"LS-13, towards Mebo","Romdung, NH-52",28.109161,95.269084,Debris,Slide,NA
1494,AR/ANJ/93D12/2014/47,Arunachal Pradesh,Anjaw,H.M.C. Road,,28.11142,96.54528,Rock,Slide,2012
1495,AP/E-Siang/82P8/2021/LS14,Arunachal Pradesh,East Siang,LS-14,"Towards Aholi from Mebo, NH52",28.113119,95.270938,Debris,Slide,NA
1496,AP/E-Siang/82P8/2021/LS15,Arunachal Pradesh,East Siang,LS-15,NH-52,28.113846,95.273389,Debris,Slide,NA
1497,AP/E-Siang/82P8/2021/LS16,Arunachal Pradesh,East Siang,LS-16,NH-52,28.114617,95.273722,Debris,Slide,NA
1498,AP/E-Siang/82P8/2022/LS50,Arunachal Pradesh,East Siang,Rengging Slide,"NH-13, Rengging Slide",28.114742,95.273582,Debris,Slide,NA
1499,AR/ANJ/93D12/2014/46,Arunachal Pradesh,Anjaw,H.M.C. Road,,28.11594,96.54689,Rock,Slide,2012
1500,AP/E-Siang/82P8/2021/LS17,Arunachal Pradesh,East Siang,"North east of Mebo Village, LS-17",NH-52,28.117222,95.273075,Debris,Slide,NA
1501,AR/ANJ/91D12/2014/07,Arunachal Pradesh,Anjaw,5.4 km HMC slide,HMC road,28.11781,96.54906,Debris,Flow,2013
1502,AR/S/82P04/2022/006,Arunachal Pradesh,East Siang,NH-13 Slide 6,NH-13,28.131694,95.136186,Debris,slide,NA
1503,AR/US/82P04/2022/026,Arunachal Pradesh,West Siang,Northwest of Rotung Slide 1,NH-13,28.133611,95.11125,Debris,Slide,NA
1504,AR/S/82P04/2022/028,Arunachal Pradesh,Siang,Pangin Slide 1,NH-13,28.133611,95.11125,Debris,Slide,NA
1505,AR/WS/82L16/2022/090,Arunachal Pradesh,West Siang,Pakam Slide,NH-13,28.133778,94.788,Soil,Slide,NA
1506,AR/WSI/82L12/2021/12,Arunachal Pradesh,West Siang,Yomcha-Aalo Road Slide,Yomcha-Aalo Road,28.133963,94.611953,Rock-cum-Debris,Slide,NA
1507,AR/WSI/82L12/2021/13,Arunachal Pradesh,West Siang,Yomcha-Aalo Road Slide,Yomcha-Aalo Road,28.134238,94.620133,Rock-cum-Debris,Slide,NA
1508,AR/S/82P04/2022/005,Arunachal Pradesh,East Siang,NH-13 Slide 5,NH-13,28.135056,95.145444,Soil,slide,NA
1509,AR/WSI/82L12/2021/14,Arunachal Pradesh,West Siang,Yomcha-Aalo Road Slide,Yomcha-Aalo Road,28.137762,94.62431,Rock-cum-Debris,Topple,NA
1510,AP/E-Siang/82P8/2021/LS18,Arunachal Pradesh,East Siang,"North east of Mebo Village, LS-18",NH-52,28.138811,95.254821,Debris,Slide,NA
1511,AP/E-Siang/82P8/2021/LS19,Arunachal Pradesh,East Siang,LS-19,NH-52,28.14005,95.266592,Debris,Slide,NA
1512,AP/E-Siang/82P8/2021/LS21,Arunachal Pradesh,East Siang,LS-21,NH-52,28.140639,95.292122,Rock,Wedge failure,NA
1513,AP/E-Siang/82P8/2021/LS20,Arunachal Pradesh,East Siang,LS-20,NH-52,28.140915,95.266966,Rock,Wedge failure,NA
1514,AR/US/82P04/2022/089,Arunachal Pradesh,West Siang,N of Pakam Slide 1,NH-13,28.141139,94.786583,Soil,Slide,NA
1515,AR/ES/82P/8/2021/01,Arunachal Pradesh,East Siang,N/A,N/A,28.14116,95.27472,Debris/unconsolidated material,Debris slide and subsidence,"1950, 2021"
1516,AP/E-Siang/82P8/2022/LS51,Arunachal Pradesh,East Siang,Rengging Slide,"NH-13, Towards Rengging",28.141514,95.289198,Debris,Slide,NA
1517,AP/E-Siang/82P8/2022/LS52,Arunachal Pradesh,East Siang,Rengging Slide,"NH-13, Rengging Slide",28.142304,95.288126,Debris,Slide,NA
1518,AR/ES/82P04/2022/001,Arunachal Pradesh,East Siang,NH-13 Slide 1,NH-13,28.1425,95.239194,Debris,Slide,NA
1519,AR/ES/82P/8/2021/02,Arunachal Pradesh,East Siang,N/A,N/A,28.14251,95.27439,Debris/unconsolidated material,Debris slide and subsidence,"1950, 2021"
1520,AP/E-Siang/82P8/2022/LS53,Arunachal Pradesh,East Siang,"LS-53, Mebo river slide",NH-13,28.142551,95.287886,Debris,Slide,NA
1521,AP/E-Siang/82P8/2022/LS54,Arunachal Pradesh,East Siang,LS-54,NH-13,28.143839,95.285971,Debris,Slide,NA
1522,AR/ES/82P04/2022/002,Arunachal Pradesh,East Siang,NH-13 Slide 2,NH-13,28.145306,95.239167,Rock,Slide,NA
1523,AR/ANJ/91D11/2014/26,Arunachal Pradesh,Anjaw,9 km Slide,HMC road,28.14531,96.54897,Rock,Slide,2013
1524,AP/E-Siang/82P8/2021/LS22,Arunachal Pradesh,East Siang,LS-22,NH-13,28.145629,95.275805,Debris,Slide,NA
1525,AP/E-Siang/82P8/2021/LS23,Arunachal Pradesh,East Siang,LS-23,NH-13,28.145847,95.273686,Rock,Wedge failure,NA
1526,AR/ES/82P04/2022/003,Arunachal Pradesh,East Siang,NH-13 Slide 3,NH-13,28.147806,95.224833,Debris,Slide,NA
1527,AP/E-Siang/82P8/2022/LS55,Arunachal Pradesh,East Siang,LS-55,NH-13,28.14787,95.279987,Debris,Slide,NA
1528,AP/LDV/82P11/2022/LS56,Arunachal Pradesh,East Siang,Dambuk Slide,"NH-13, Dambuk area",28.148417,95.277964,Debris,Slide,NA
1529,AP/LDV/82P11/2022/LS57,Arunachal Pradesh,East Siang,Dambuk Slide,NH-13 Dambuk,28.149568,95.277177,Debris,Slide,NA
1530,AP/LDV/82P11/2022/LS58,Arunachal Pradesh,East Siang,Dambuk Slide,"NH-13, Dambuk",28.150741,95.275122,Debris,Slide,NA
1531,AR/ANJ/92D12/2014/45,Arunachal Pradesh,Anjaw,Chipru slide,HMC road,28.15292,96.53858,Rock,Slide,2013
1532,AR/S/82P04/2022/007,Arunachal Pradesh,East Siang,NH-13 Slide 7,NH-13,28.153028,95.218294,Debris,slide,NA
1533,AR/ES/82P04/2022/004,Arunachal Pradesh,East Siang,NH-13 Slide 4,NH-13,28.154111,95.181694,Rock,Slide,NA
1534,AP/LDV/82P11/2022/LS59,Arunachal Pradesh,East Siang,LS-59,NH-13,28.160664,95.446755,Debris,Slide,NA
1535,AP/LDV/82P11/2022/LS60,Arunachal Pradesh,East Siang,LS-60,"NH-13, Kapang Valley, near 602 mile stone",28.160853,95.446925,Debris,Slide,NA
1536,AR/ANJ/92D12/2014/44,Arunachal Pradesh,Anjaw,Teapani river slide,H. M. C. Road,28.16206,96.53061,Debris,Topple,2013
1537,AP/LDV/82P11/2022/LS61,Arunachal Pradesh,East Siang,Roing-Dambuk Slide,NH-13, Towards Roing- Dambuk,28.162497,95.441244,Debris,Slide,NA
1538,AP/LDV/82P11/2022/LS62,Arunachal Pradesh,East Siang,LS-62,NH-13,28.16317,95.450433,Debris,Slide,NA
1539,AP/LDV/82P11/2022/LS63,Arunachal Pradesh,East Siang,LS-63,"NH-13, Aohali",28.163322,95.459813,Debris,Slide,NA
1540,AP/LDV/82P11/2022/LS64,Arunachal Pradesh,East Siang,LS-64,NH-13,28.163691,95.458,Debris,Slide,NA
1541,AR/WS/82L16/2022/088,Arunachal Pradesh,West Siang,Aalo Slide 1,NH-13,28.16425,94.792417,Debris,Slide,NA
1542,AP/LDV/82P11/2022/LS66,Arunachal Pradesh,East Siang,LS-66,NH-13, Mebo- 50km mile stone,28.165684,95.462909,Debris,Slide,NA
1543,AP/LDV/82P11/2022/LS65,Arunachal Pradesh,East Siang,LS-65,NH-13,28.165711,95.46208,Debris,Slide,NA
1544,AP/LDV/82P11/2022/LS67,Arunachal Pradesh,East Siang,LS-67,NH-13,28.167982,95.431764,Debris,Slide,NA
1545,AR/ES/82P04/2022/009,Arunachal Pradesh,East Siang,Pasighat-Yingkiong road Slide 2,NH-13 (Pasighat-Yingkiong road),28.169389,95.235722,Debris,slide,NA
1546,AR/ANJ/91D12/2014/06,Arunachal Pradesh,Anjaw,HMC road,,28.16939,96.52578,Rock,Slide,2013
1547,AR/ES/82P04/2022/010,Arunachal Pradesh,East Siang,Pasighat-Yingkiong road Slide 3,NH-513,28.169583,95.223917,Rock,slide,NA
1548,AR/ES/82P04/2022/008,Arunachal Pradesh,East Siang,Pasighat-Yingkiong road Slide 1,NH-13 (Pasighat-Yingkiong road),28.169611,95.240639,Debris,slide,NA
1549,AP/LDV/82P16/2022/74,Arunachal Pradesh,Lower Dibang Valley,From Roing 5.4 kms along NH-313 towards Mayudia Pass,NH-313 (Roing-Anini road),28.171187,95.833166,Earth,Slide,NA
1550,AP/LDV/82P16/2022/75,Arunachal Pradesh,Lower Dibang Valley,350 m NE of slide no. 74,NH-313 (Roing-Anini road),28.173434,95.836605,Earth,Slide,NA
1551,AR/US/82P04/2022/027,Arunachal Pradesh,West Siang,Northwest of Yembung camp Slide,NH-13,28.174806,95.025111,Debris,Slide,NA
1552,AR/S/82P04/2022/029,Arunachal Pradesh,Siang,South of Jeru Slide 1,NH-13,28.174806,95.025111,Debris,slide,NA
1553,AP/DV/82P/13/2022/LS-146,Arunachal Pradesh,East Siang,Anini-Etalin slide,"Anini-Etalin road section, NH313",28.174973,95.469402,Debris,Slide,NA
1554,AP/DV/82P/13/2022/LS-147,Arunachal Pradesh,East Siang,Anini-Etalin slide,"Anini-Etalin road section, NH313",28.175079,95.469602,Debris,Slide,NA
1555,AR/ES/82P04/2022/011,Arunachal Pradesh,East Siang,Pasighat-Yingkiong road Slide 4,NH-513,28.175556,95.221861,Rock,slide,NA
1556,AP/DV/82P/13/2022/LS-148,Arunachal Pradesh,East Siang,Anini-Etalin slide,"Anini-Etalin road section, NH313",28.175659,95.470804,Debris,Slide,NA
1557,AR/US/82P04/2022/104,Arunachal Pradesh,Upper Siang,N/A,N/A,28.178861,95.228056,Debris,Slide,NA
1558,AP/DV/82P/13/2022/LS-150,Arunachal Pradesh,East Siang,Anini-Etalin slide,Anini-Etalin road section,28.179262,95.477068,Debris,Slide,NA
1559,AR/US/82P04/2022/012,Arunachal Pradesh,Upper Siang,Pasighat-Yingkiong road Slide 5,NH-513,28.181139,95.225944,Rock,slide,NA
1560,AP/LDV/82P11/2022/LS68,Arunachal Pradesh,East Siang,LS-68,NH-13,28.181365,95.470102,Rock,Wedge failure,NA
1561,AP/LDV/82P11/2022/LS69,Arunachal Pradesh,East Siang,LS-69,"NH-13, near bridge",28.181834,95.469828,Debris,Slide,NA
1562,AR/ANJ/91D12/2014/05,Arunachal Pradesh,Anjaw,HMC road,,28.18439,96.53453,Debris,Slide,2013
1563,AR/ANJ/91D12/2014/43,Arunachal Pradesh,Anjaw,H. M. C. Road,,28.18525,96.53256,Debris,Slide,2012
1564,AP/LDV/82P11/2022/LS70,Arunachal Pradesh,East Siang,LS-70,NH-13,28.186582,95.471126,Rock,Wedge failure,NA
1565,AR/US/82P04/2022/015,Arunachal Pradesh,Upper Siang,Pasighat-Yingkiong road Slide 6,NH-13 (Pasighat-Yingkiong road),28.1915,95.225917,Debris,Slide,NA
1566,AR/WSI/82L12/2021/15,Arunachal Pradesh,West Siang,Aalo-kaying Road Highway slide,Aalo-Kaying Highway,28.192217,94.713927,Rock-cum-Debris,Slide,NA
1567,AR/S/82P04/2022/030,Arunachal Pradesh,Siang,South of Jeru Slide 2,NH-13,28.192444,94.984917,Debris,Slide,NA
1568,AP/LDV/82P16/20212/1,Arunachal Pradesh,Lower Dibang Valley,From Roing 12.4 kms along NH-313 towards Mayudia Pass,NH-313 (Roing-Anini road),28.192581,95.804085,Rock,slide,NA
1569,AP/LDV/82P16/2022/64,Arunachal Pradesh,Lower Dibang Valley,From Roing 12.6 kms along NH-313 towards Mayudia Pass,NH-313 (Roing-Anini road),28.193864,95.805469,Debris,Slide,NA
1570,AR/US/82P04/2022/105,Arunachal Pradesh,Upper Siang,Pasighat-Yingkiong road Slide 18,NH-513,28.1945,95.227917,Debris,Slide,NA
1571,AP/LDV/82P16/2022/65,Arunachal Pradesh,Lower Dibang Valley,From Roing 13 kms along NH-313 towards Mayudia Pass,NH-313 (Roing-Anini road),28.194651,95.807085,Debris,Slide,NA
1572,AR/ANJ/91D12/2014/04,Arunachal Pradesh,Anjaw,Metenliang 2.5 km slide,HMC road,28.19597,96.53733,Debris,Slide,2013
1573,AP/LDV/82P16/2022/73,Arunachal Pradesh,Lower Dibang Valley,From Roing 14.3 kms along NH-313 towards Mayudia Pass,NH-313 (Roing-Anini road),28.198018,95.810448,Rock,Slide,NA
1574,AR/US/82P04/2022/106,Arunachal Pradesh,Upper Siang,Pasighat-Yingkiong road Slide 19,NH-513,28.199389,95.230278,Debris,Slide,NA
1575,AP/LDV/82P16/2022/66,Arunachal Pradesh,Lower Dibang Valley,From Roing 14.7 kms along NH-313 towards Mayudia Pass,NH-313 (Roing-Anini road),28.199873,95.811883,Rock,Slide,NA
1576,AP/LDV/82P16/2022/7,Arunachal Pradesh,Lower Dibang Valley,From Roing 15.4 kms along NH-313 towards Mayudia Pass,NH-313 (Roing-Anini road),28.201838,95.812004,Rock,Slide,NA
1577,AR/WS/82L16/2022/078,Arunachal Pradesh,West Siang,Jomlo-Mongku Slide 1,NH-13,28.202667,94.828417,Debris,Slide,NA
1578,AP/LDV/82P16/2022/6,Arunachal Pradesh,Lower Dibang Valley,From Roing 15.3 kms along NH-313 towards Mayudia Pass,NH-313 (Roing-Anini road),28.202844,95.811201,Rock,Slide,NA
1579,AP/LDV/82P16/2022/5,Arunachal Pradesh,Lower Dibang Valley,From Roing 15.6 kms along NH-313 towards Mayudia Pass,NH-313 (Roing-Anini road),28.205003,95.813193,Rock,Slide,NA
1580,AP/LDV/82P16/2022/3,Arunachal Pradesh,Lower Dibang Valley,From Roing 16 kms along NH-313 towards Mayudia Pass,NH-313 (Roing-Anini road),28.20737,95.81005,Rock,Slide,NA
1581,AP/LDV/82P16/2022/4 AP/LDV/82P16/2021/LS4,Arunachal Pradesh,Lower Dibang Valley,From Roing 16.1 kms along NH-313 towards Mayudia Pass,NH-313 (Roing-Anini road),28.207699,95.809197,Rock,Fall,NA
1582,AP/LDV/82P16/20/2,Arunachal Pradesh,Lower Dibang Valley,From Roing 16.3 kms along NH-313 towards Mayudia Pass,NH-313 (Roing-Anini road),28.207796,95.807742,Rock,Slide,NA
1583,AR/WS/82L16/2022/079,Arunachal Pradesh,West Siang,Jomlo-Mongku Slide 2,NH-13,28.208389,94.830667,Debris,Slide,NA
1584,AR/ANJ/91D12/2014/42,Arunachal Pradesh,Anjaw,Metengliang slide,H. M. C. Road,28.20867,96.53222,Debris,Slide,2013
1585,AP/LDV/82P16/2022/51,Arunachal Pradesh,Lower Dibang Valley,From Roing 17.5 kms along NH-313 towards Hunli,Newly connstruct15ing RoingHunli/ Anini road NH-313,28.209018,95.80348,Debris,Slide,NA
1586,AP/LDV/82P16/2022/72,Arunachal Pradesh,Lower Dibang Valley,From Roing 16.57 kms along NH-313 towards Mayudia Pass,NH-313 (Roing-Anini road),28.209062,95.806755,Rock,Slide,NA
1587,AP/LDV/82P16/2022/62,Arunachal Pradesh,Lower Dibang Valley,From Roing 18.23 kms along NH-313 towards Hunli,Newly connstructing RoingHunli/ Anini road NH-313,28.212211,95.801273,Rock,Slide,NA
1588,AP/LDV/82P16/2022/63,Arunachal Pradesh,Lower Dibang Valley,From Roing 18 kms along NH-313 towards Hunli,Newly connstructing RoingHunli/ Anini road NH-313,28.212275,95.802589,Debris,Slide,NA
1589,AP/LDV/82P16/2022/71,Arunachal Pradesh,Lower Dibang Valley,From Roing 17.95 kms along NH-313 towards Mayudia Pass,NH-313 (Roing-Anini road),28.21267,95.803194,Debris,Slide,NA
1590,AR/US/82P04/2022/107,Arunachal Pradesh,Upper Siang,Pasighat-Yingkiong road Slide 20,NH-513,28.213028,95.232528,Debris,Slide,NA
1591,AR/ANJ/91D12/2014/27,Arunachal Pradesh,Anjaw,Bamlan Slide,HMC road,28.21483,96.53911,Debris,Slide,2013
1592,AP/LDV/82P16/2022/61,Arunachal Pradesh,Lower Dibang Valley,From Roing 18.6 kms along NH-313 towards Hunli,Newly connstructing RoingHunli/ Anini road NH-313,28.215014,95.799764,Rock,Slide,NA
1593,AP/LDV/82P16/2022/57,Arunachal Pradesh,Lower Dibang Valley,From Roing 19.5 kms along NH-313 towards Hunli,Newly connstructing RoingHunli/ Anini road NH-313,28.215206,95.793704,Debris,Slide,NA
1594,AP/LDV/82P16/2022/69,Arunachal Pradesh,Lower Dibang Valley,From Roing 19.4 kms along NH-313 towards Mayudia Pass,NH-313 (Roing-Anini road),28.215862,95.795227,Debris,Slide,NA
1595,AP/LDV/82P16/2022/70,Arunachal Pradesh,Lower Dibang Valley,From Roing 18.7 kms along NH-313 towards Mayudia Pass,NH-313 (Roing-Anini road),28.215926,95.799557,Rock,Slide,NA
1596,AP/LDV/82P16/2022/60,Arunachal Pradesh,Lower Dibang Valley,From Roing 19 kms along NH-313 towards Mayudia Pass,NH-313 (Roing-Anini road),28.216253,95.796393,Debris,Slide,NA
1597,AP/LDV/82P16/2022/58,Arunachal Pradesh,Lower Dibang Valley,From Roing 20.1 kms along NH-313 towards Hunli,Newly connstructing RoingHunli/ Anini road NH-313,28.216997,95.790585,Debris,Slide,NA
1598,AP/LDV/82P16/2022/55,Arunachal Pradesh,Lower Dibang Valley,From Roing 20.2 kms along NH-313 towards Hunli,Newly connstructing RoingHunli/ Anini road NH-313,28.217204,95.789599,Debris,Slide,NA
1599,AP/LDV/82P16/2022/59,Arunachal Pradesh,Lower Dibang Valley,From Roing 19.87 kms along NH-313 towards Hunli,Newly connstructing RoingHunli/ Anini road NH-313,28.217543,95.792489,Debris,Slide,NA
1600,AP/LDV/82P16/2022/56,Arunachal Pradesh,Lower Dibang Valley,From Roing 19.8 kms along NH-313 towards Hunli,Newly connstructing RoingHunli/ Anini road NH-313,28.217595,95.793032,Debris,Slide,NA
1601,AP/LDV/82P16/2022/68,Arunachal Pradesh,Lower Dibang Valley,From Roing 19.7 kms along NH-313 towards Mayudia Pass,NH-313 (Roing-Anini road),28.218539,95.794022,Rock,Slide,NA
1602,AP/LDV/82P16/2022/54,Arunachal Pradesh,Lower Dibang Valley,From Roing 20.5 kms along NH-313 towards Hunli,Newly connstructing RoingHunli/ Anini road NH-313,28.21909,95.791084,Rock,Slide,NA
1603,AP/LDV/82P16/2022/67,Arunachal Pradesh,Lower Dibang Valley,From Roing 20.8 kms along NH-313 towards Mayudia Pass,NH-313 (Roing-Anini road),28.219976,95.799065,Debris,Slide,NA
1604,AR/ANJ/91D12/2014/14,Arunachal Pradesh,Anjaw,32.4 km Slide,HMC road,28.22328,96.55303,Rock,Slide,2013
1605,AR/ANJ/91D12/2014/28,Arunachal Pradesh,Anjaw,29.9 km Slide,HMC road,28.22381,96.53644,Rock,Slide,2013
1606,AP/LDV/82P16/2022/38,Arunachal Pradesh,Lower Dibang Valley,From Roing 27.1 kms along NH-313 towards Mayudia Pass,NH-313 (Roing-Anini road),28.223825,95.829105,Debris,Slide,NA
1607,AR/ANJ/91D12/2014/09,Arunachal Pradesh,Anjaw,33.3 km slide,HMC road,28.22408,96.55872,Rock,Slide,2013
1608,AR/WS/82L16/2022/081,Arunachal Pradesh,West Siang,Damda-Debuk Slide 1,NH-13,28.225583,94.889167,Debris,Slide,NA
1609,AR/WS/82L16/2022/082,Arunachal Pradesh,West Siang,Damda-Debuk Slide 2,NH-13,28.226722,94.895611,Soil,Slide,NA
1610,AR/S/82P04/2022/031,Arunachal Pradesh,Siang,South of Jeru Slide 3,NH-13,28.22675,94.225111,Debris,slide,NA
1611,AP/LDV/82P16/2022/53,Arunachal Pradesh,Lower Dibang Valley,From Roing 21.8 kms along NH-313 towards Hunli,Newly connstructing RoingHunli/ Anini road NH-313,28.227703,95.781369,Debris,Slide,NA
1612,AP/ES/82P12/2022/76,Arunachal Pradesh,East Siang,From Bomjir 17.6 kms along NH-13 towards Pasighat,NH-313 (Roing-Pasighat road),28.227891,95.541082,Debris,Slide,NA
1613,AR/ANJ/91D12/2014/41,Arunachal Pradesh,Anjaw,H. M. C. Road,,28.22797,96.54606,Debris,Slide,2013
1614,AR/WS/82L16/2022/083,Arunachal Pradesh,West Siang,Damda-Debuk Slide 3,NH-13,28.228528,94.904278,Soil,Slide,NA
1615,AP/LDV/82P16/2022/50,Arunachal Pradesh,Lower Dibang Valley,From Roing 22 kms along NH-313 towards Hunli,Newly connstructing RoingHunli/ Anini road NH-313,28.229114,95.780019,Debris,Slide,NA
1616,AP/LDV/82P16/2022/52,Arunachal Pradesh,Lower Dibang Valley,From Roing 22.17 kms along NH-313 towards Hunli,Newly connstructing RoingHunli/ Anini road NH-313,28.229809,95.779855,Debris,Slide,NA
1617,AR/ANJ/91D12/2014/40,Arunachal Pradesh,Anjaw,H. M. C. Road,,28.23153,96.54272,Debris,Slide,2013
1618,AR/WS/82L16/2022/084,Arunachal Pradesh,West Siang,Damda-Debuk Slide 4,NH-13,28.232472,94.914889,Soil,Slide,NA
1619,AP/LDV/82P16/2022/49,Arunachal Pradesh,Lower Dibang Valley,From Roing 22.9 kms along NH-313 towards Hunli,Newly connstructing RoingHunli/ Anini road NH-313,28.234199,95.777037,Debris,Slide,NA
1620,AR/WS/82L16/2022/087,Arunachal Pradesh,West Siang,Koreng-Aalo road Slide 3,NH-13,28.234833,94.972278,Rock,Slide,NA
1621,AR/WS/82L16/2022/085,Arunachal Pradesh,West Siang,Koreng-Aalo road Slide 1,NH-13,28.235361,94.933333,Soil,Slide,NA
1622,AP/LDV/82P16/2022/48,Arunachal Pradesh,Lower Dibang Valley,From Roing 23.3 kms along NH-313 towards Hunli,Newly connstructing RoingHunli/ Anini road NH-313,28.237008,95.776204,Debris,Slide,NA
1623,AR/WS/82L16/2022/086,Arunachal Pradesh,West Siang,Koreng-Aalo road Slide 2,NH-13,28.237361,94.954808,Debris,Slide,NA
1624,AP/LDV/82P16/2022/32,Arunachal Pradesh,Lower Dibang Valley,From Roing 46.8 kms along NH-313 towards Mayudia Pass,NH-313 (Roing-Anini road),28.237425,95.897823,Rock,Slide,NA
1625,AP/ES/82P12/2022/79,Arunachal Pradesh,East Siang,From Bomjir 16 kms along NH-13 towards Pasighat,NH-313 (Roing-Pasighat road),28.237716,95.535611,Debris,Slide,NA
1626,AP/LDV/82P16/2022/47,Arunachal Pradesh,Lower Dibang Valley,From Roing 23.5 kms along NH-313 towards Hunli,Newly connstructing RoingHunli/ Anini road NH-313,28.238144,95.774758,Debris,Slide,NA
1627,AP/LDV/82P16/2022/33,Arunachal Pradesh,Lower Dibang Valley,IHO Viewpoint landslide. From Roing 46.3 kms along NH-313 towards Mayudia Pass,NH-313 (Roing-Anini road),28.238615,95.893348,Debris,Slide,NA
1628,AP/LDV/82P16/2022/34,Arunachal Pradesh,Lower Dibang Valley,IHO Viewpoint landslide. From Roing 46.2 kms along NH-313 towards Mayudia Pass,NH-313 (Roing-Anini road),28.238692,95.892681,Debris,Slide,NA
1629,AP/LDV/82P16/2022/39,Arunachal Pradesh,Lower Dibang Valley,From Roing 23.7 kms along NH-313 towards Hunli,Newly connstructing RoingHunli/ Anini road NH-313,28.239482,95.774559,Rock,Slide,NA
1630,AR/ANJ/91D12/2014/39,Arunachal Pradesh,Anjaw,37.6 km rockslide,H. M. C. Road,28.23969,96.52778,Rock,Topple,2013
1631,AP/LDV/82P16/2022/46,Arunachal Pradesh,Lower Dibang Valley,From Roing 23.8 kms along NH-313 towards Hunli,Newly connstructing RoingHunli/ Anini road NH-313,28.240442,95.774201,Rock,Slide,NA
1632,AP/LDV/82P16/2022/36,Arunachal Pradesh,Lower Dibang Valley,From Roing 37 kms along NH-313 towards Mayudia Pass,NH-313 (Roing-Anini road),28.240521,95.866592,Debris,Slide,NA
1633,AP/LDV/82P16/2022/37,Arunachal Pradesh,Lower Dibang Valley,From Roing 37.12 kms along NH-313 towards Mayudia Pass,NH-313 (Roing-Anini road),28.241041,95.866387,Rock,Slide,NA
1634,AP/LDV/82P16/2022/31,Arunachal Pradesh,Lower Dibang Valley,Mayudia Pass landslide.,NH-313 (Roing-Anini road),28.24175,95.925012,Debris,Slide,NA
1635,AP/LDV/82P16/2022/30,Arunachal Pradesh,Lower Dibang Valley,"Mayudia Pass landslide. From Mayudia Pass 0.2 kms along NH-313 towards Hunli",NH-313 (Roing-Anini road),28.242214,95.923556,Debris,Slide,NA
1636,AR/S/82P04/2022/032,Arunachal Pradesh,Upper Siang,South of Jeru Slide 4,NH-513,28.242389,94.220861,Debris,Slide,NA
1637,AP/ES/82P12/2022/80,Arunachal Pradesh,East Siang,From Bomjir 15.5 kms along NH-13 towards Pasighat,NH-313 (Roing-Pasighat road),28.242444,95.536828,Rock,Fall,NA
1638,AP/LDV/82P16/2022/29,Arunachal Pradesh,Lower Dibang Valley,"Mayudia Pass landslide. From Mayudia Pass 0.3 kms along NH-313 towards Hunli",NH-313 (Roing-Anini road),28.242782,95.922731,Rock,Slide,NA
1639,AP/ES/82P12/2022/81,Arunachal Pradesh,East Siang,From Bomjir 15.3 kms along NH-13 towards Pasighat,NH-313 (Roing-Pasighat road),28.242969,95.537549,Rock,Slide,NA
1640,AP/LDV/82P16/2022/40,Arunachal Pradesh,Lower Dibang Valley,From Roing 24.4 kms along NH-313 towards Hunli,Newly connstructing RoingHunli/ Anini road NH-313,28.242997,95.772144,Debris,Slide,NA
1641,AP/LDV/82P16/2022/27,Arunachal Pradesh,Lower Dibang Valley,"Mayudia Pass landslide. From Mayudia Pass 0.45 kms along NH-313 towards Hunli",NH-313 (Roing-Anini road),28.243182,95.921338,Rock,Slide,NA
1642,AP/LDV/82P16/2022/28,Arunachal Pradesh,Lower Dibang Valley,"Mayudia Pass landslide.From Mayudia Pass 0.4 kms along NH-313 towards Hunli",NH-313 (Roing-Anini road),28.243322,95.921911,Rock,Slide,NA
1643,AP/ES/82P12/2022/82,Arunachal Pradesh,East Siang,From Bomjir 15.1 kms along NH-13 towards Pasighat,NH-313 (Roing-Pasighat road),28.243417,95.538216,Debris,Slide,NA
1644,AP/LDV/82P15/2022/21,Arunachal Pradesh,Lower Dibang Valley,From Roing 45.3 kms along NH-313 towards Mayudia Pass,NH-313 (Roing-Anini road),28.243461,95.894049,Rock,Slide,NA
1645,AP/LDV/82P16/2022/43,Arunachal Pradesh,Lower Dibang Valley,From Roing 24.8 kms along NH-313 towards Hunli,Newly connstructing RoingHunli/ Anini road NH-313,28.244851,95.773499,Rock,Slide,NA
1646,AP/LDV/82P16/2022/26,Arunachal Pradesh,Lower Dibang Valley,From Mayudia Pass 1.2 kms along NH313 towards Hunli,NH-313 (Roing-Anini road),28.244966,95.914872,Rock,Slide,NA
1647,AP/LDV/82P16/2022/25,Arunachal Pradesh,Lower Dibang Valley,From Mayudia Pass 1.34 kms along NH-313 towards Hunli,NH-313 (Roing-Anini road),28.244975,95.914094,Rock,Slide,NA
1648,AP/LDV/82P16/2022/42,Arunachal Pradesh,Lower Dibang Valley,From Roing 24.9 kms along NH-313 towards Hunli,Newly connstructing RoingHunli/ Anini road NH-313,28.245016,95.77363,Debris,Slide,NA
1649,AP/LDV/82P16/2022/41,Arunachal Pradesh,Lower Dibang Valley,From Roing 25.1 kms along NH-313 towards Hunli,Newly connstructing RoingHunli/ Anini road NH-313,28.245371,95.774057,Debris,Slide,NA
1650,AP/LDV/82P16/2022/35,Arunachal Pradesh,Lower Dibang Valley,From Roing 44.5 kms along NH-313 towards Mayudia Pass,NH-313 (Roing-Anini road),28.246304,95.889037,Rock,Slide,NA
1651,AP/LDV/82P16/2022/77,Arunachal Pradesh,Lower Dibang Valley,From Bomjir 14.3 kms along NH-13 towards Pasighat,NH-313 (Roing-Pasighat road),28.246512,95.541646,Rock,Slide,NA
1652,AP/LDV/82P16/2022/78,Arunachal Pradesh,Lower Dibang Valley,From Bomjir 13.6 kms along NH-13 towards Pasighat,NH-313 (Roing-Pasighat road),28.249718,95.546273,Debris,Slide,NA
1653,AP/LDV/82P11/2022/LS71,Arunachal Pradesh,Lower Dibang Valley,Sisseri bridge slide,NH-13, towards sisseri bridge,28.251139,95.55011,Debris,Slide,NA
1654,AR/ANJ/91D11/2014/38,Arunachal Pradesh,Anjaw,H. M. C. Road,,28.25203,96.54264,Debris,Slide,2013
1655,AP/LDV/82P16/2022/45,Arunachal Pradesh,Lower Dibang Valley,From Roing 26.2 kms along NH-313 towards Hunli,Newly connstructing RoingHunli/ Anini road NH-313,28.252176,95.775797,Rock,Slide,NA
1656,AP/LDV/82P15/2022/18,Arunachal Pradesh,Lower Dibang Valley,500 m south from landslide no. 44,Newly connstructing RoingHunli/ Anini road NH-313,28.252507,95.781741,Debris,Slide,NA
1657,AP/LDV/82P16/2022/24,Arunachal Pradesh,Lower Dibang Valley,From Mayudia Pass 3.1 kms along NH313 towards Hunli,NH-313 (Roing-Anini road),28.253453,95.908055,Rock,Slide,NA
1658,AP/LDV/82P11/2022/LS72,Arunachal Pradesh,Lower Dibang Valley,Sisseri bridge slide,NH-13, towards Sesseri bridge,28.253915,95.578439,Debris,Slide,NA
1659,AP/LDV/82P11/2022/LS73,Arunachal Pradesh,Lower Dibang Valley,Sisseri bridge slide,NH-13, near Sesseri bridge,28.254509,95.581558,Debris,Slide,NA
1660,AP/LDV/82P11/2022/LS74,Arunachal Pradesh,Lower Dibang Valley,Sisseri bridge slide,"NH-13, Sesseri Bridge",28.255059,95.576996,Debris,Slide,NA
1661,AP/E-Siang/82P8/2021/LS24,Arunachal Pradesh,Lower Dibang Valley,LS-24,NH-13,28.255261,95.582613,Rock,Wedge failure,NA
1662,AP/LDV/82P11/2022/LS75,Arunachal Pradesh,Lower Dibang Valley,LS-75,NH-13,28.255355,95.551658,Debris,Slide,NA
1663,AP/E-Siang/82P8/2021/LS25,Arunachal Pradesh,Lower Dibang Valley,LS-25,"NH-13, towards Rengging",28.255703,95.55061,Rock,Wedge failure,NA
1664,AP/LDV/82P15/2022/23,Arunachal Pradesh,Lower Dibang Valley,From Mayudia Pass 3.5 kms along NH-313 towards Hunli,NH-313 (Roing-Anini road),28.255967,95.907144,Rock,Slide,NA
1665,AP/E-Siang/82P8/2021/LS26,Arunachal Pradesh,Lower Dibang Valley,LS-26,NH-13,28.256126,95.576152,Debris,Slide,NA
1666,AP/LDV/82P11/2022/LS77,Arunachal Pradesh,Lower Dibang Valley,LS-77,NH-13,28.256397,95.550978,Debris,Slide,NA
1667,AP/LDV/82P11/2022/LS76,Arunachal Pradesh,Lower Dibang Valley,Sisseri bridge slide,NH-13, towards Sesseri bridge,28.256434,95.57515,Debris,Slide,NA
1668,AP/LDV/82P11/2022/LS84,Arunachal Pradesh,Lower Dibang Valley,Sisseri bridge slide,"NH-13, Sesseri Bridge",28.25701,95.551656,Debris,Slide,NA
1669,AP/LDV/82P15/2022/20,Arunachal Pradesh,Lower Dibang Valley,From Roing 26.8 kms along NH-313 towards Hunli,Newly connstructing RoingHunli/ Anini road NH-313,28.257258,95.777764,Debris,Slide,NA
1670,AP/E-Siang/82P8/2021/LS27,Arunachal Pradesh,Lower Dibang Valley,LS-27,"NH-513, towards Bodak village",28.25736,95.55087,Debris,Slide,NA
1671,AP/LDV/82P16/2022/44,Arunachal Pradesh,Lower Dibang Valley,From Roing 27.2 kms along NH-313 towards Hunli,Newly connstructing RoingHunli/ Anini road NH-313,28.257991,95.781619,Debris,Slide,NA
1672,AP/LDV/82P/11/2022/LS-85,Arunachal Pradesh,Lower Dibang Valley,Sisseri bridge slide,Sisseri Bridge.,28.258122,95.55209,Debris,Slide,NA
1673,AP/LDV/82P/11/2022/LS-86,Arunachal Pradesh,Lower Dibang Valley,Sisseri bridge slide,Sisseri bridge,28.258144,95.551252,Debris,Slide,NA
1674,AR/ANJ/91D11/2014/32,Arunachal Pradesh,Anjaw,Metumna slide,H.M.C. Road,28.25897,96.54433,Rock,Topple,2013
1675,AP/LDV/82P15/2022/17,Arunachal Pradesh,Lower Dibang Valley,From Roing 27.5 kms along NH-313 towards Hunli,Newly connstructing RoingHunli/ Anini road NH-313,28.259524,95.780336,Debris,Slide,NA
1676,AP/LDV/82P/11/2022/LS-87,Arunachal Pradesh,Lower Dibang Valley,Sisseri bridge slide,Sisseri bridge.,28.259561,95.568965,Debris,Slide,NA
1677,AR/ESI/82L15/2022/54,Arunachal Pradesh,East Siang,Sangram Bridge-Boleng Road Slide,Sangram Bridge-Boleng Road,28.260051,94.984752,Rock-cum-Debris,Slide,NA
1678,AP/LDV/82P15/2022/22,Arunachal Pradesh,Lower Dibang Valley,From Mayudia Pass 4.5 kms along NH313 towards Hunli,NH-313 (Roing-Anini road),28.26053,95.904556,Rock,Slide,NA
1679,AP/LDV/82P/11/2022/LS-88,Arunachal Pradesh,Lower Dibang Valley,Sisseri bridge slide,Sisseri bridge,28.261147,95.567331,Debris,Slide,NA
1680,AP/LDV/82P/11/2022/LS-89,Arunachal Pradesh,Lower Dibang Valley,Sisseri bridge slide,Sisseri bridge,28.261379,95.566909,Rock,Wedge failure,NA
1681,AP/LDV/82P/11/2022/LS-90,Arunachal Pradesh,Lower Dibang Valley,Near Sisseri bridge slide,Near Sisseri bridge,28.261999,95.56626,Debris,Slide,NA
1682,AP/LDV/83P/11/2022/LS-91,Arunachal Pradesh,Lower Dibang Valley,Sisseri bridge slide,West ofSisseri bridge slide.,28.262338,95.565698,Debris,Slide,NA
1683,AR/ANJ/91D11/2014/37,Arunachal Pradesh,Anjaw,H. M. C. Road,,28.2625,96.5465,Rock,Slide,2012
1684,AP/LDV/82P/11/2022/LS-92,Arunachal Pradesh,Lower Dibang Valley,West Sisseri bridge slide,NH-13.,28.262806,95.565421,Debris,Slide,NA
1685,AP/LDV/82P11/2022/LS83,Arunachal Pradesh,Lower Dibang Valley,LS-83,NH-13,28.262879,95.551911,Debris,Slide,NA
1686,AP/LDV/82P/11/2022/LS-93,Arunachal Pradesh,Lower Dibang Valley,West of Sisseri bridge,Western bank of Sisseri river,28.262989,95.59932,Debris,Slide,NA
1687,AP/E-Siang/82P8/2021/LS28,Arunachal Pradesh,Lower Dibang Valley,LS-28,NH-513,28.263228,95.570962,Debris,Slide,NA
1688,AP/LDV/82P/11/2022/LS-94,Arunachal Pradesh,Lower Dibang Valley,West Sessiri bridge,NH-13,28.263468,95.570661,Rock,Wedge failure,NA
1689,AP/LDV/82P/11/2022/LS-95,Arunachal Pradesh,Lower Dibang Valley,West Sessiri bridge,NH-13,28.263731,95.551326,Debris,Slide,NA
1690,AP/LDV/82P/14/2022/LS-96,Arunachal Pradesh,Lower Dibang Valley,NA,NH-313,28.264331,95.565798,Debris,Slide,NA
1691,AP/E-Siang/82P8/2022/LS30,Arunachal Pradesh,Lower Dibang Valley,Mebo Slide,"NH-13, NE of Mebo village",28.2646,95.571519,Debris,Slide,NA
1692,AP/E-Siang/82P8/2021/LS29,Arunachal Pradesh,Lower Dibang Valley,LS-29,NH-513,28.264888,95.550575,Rock,Wedge failure,NA
1693,AR/ANJ/91D11/2014/36,Arunachal Pradesh,Anjaw,H. M. C. Road,,28.26522,96.57889,Debris,Flow,2013
1694,AP/E-Siang/82P8/2022/LS31,Arunachal Pradesh,Lower Dibang Valley,Mebo Slide,"NH-13, NE of Mebo village",28.265266,95.56964,Debris,Slide,NA
1695,AP/E-Siang/82P8/2022/LS32,Arunachal Pradesh,Lower Dibang Valley,Mebo Slide,"NH-13, NE of Mebo village",28.265532,95.549321,Debris,Slide,NA
1696,AP/DV/82P/14/2022/LS-97,Arunachal Pradesh,Lower Dibang Valley,NA,NH-313,28.265561,95.562854,Debris,Slide,NA
1697,AP/DV/82P/14/2022/LS-98,Arunachal Pradesh,Lower Dibang Valley,NA,NH-313,28.265563,95.563438,Debris,Slide,NA
1698,AP/DV/82P/13/2022/LS-149,Arunachal Pradesh,Lower Dibang Valley,Anini-Etalin slide,Anini-Etalin road section,28.265803,95.570892,Debris,Slide,NA
1699,AP/E-Siang/82P8/2022/LS33,Arunachal Pradesh,Lower Dibang Valley,Mebo Slide,"NH-13, NE of Mebo village",28.265836,95.563875,Debris,Slide,NA
1700,AR/ESI/82L15/2022/55,Arunachal Pradesh,East Siang,Sangram Bridge-Boleng Road Slide,Sangram Bridge-Boleng Road,28.265963,94.983464,Rock-cum-Debris,Slide,NA
1701,AP/DV/82P/14/2022/LS-100,Arunachal Pradesh,Lower Dibang Valley,NA,NH-313,28.265965,95.560934,Debris,Slide,NA
1702,AP/DV/82P/14/2022/LS-99,Arunachal Pradesh,Lower Dibang Valley,NA,NH-313,28.266271,95.609385,Debris,Slide,NA
1703,AP/DV/83P/14/2022/LS-101,Arunachal Pradesh,Lower Dibang Valley,,NH-313,28.266795,95.607261,Debris,Slide,NA
1704,AP/LDV/82P15/2022/16,Arunachal Pradesh,Lower Dibang Valley,From Roing 29 kms along NH-313 towards Hunli,Newly connstructing RoingHunli/ Anini road NH-313,28.266807,95.789109,Debris,Slide,NA
1705,AR/US/82P04/2022/016,Arunachal Pradesh,UpperSorry, something went wrong. Please try your request again.